fury1000ya26q2cmh399q4c5aaacd9lmmdqp96fnsd0, 335795046
fury1024uzh99xharpytf2qhwvl6aqt2pzc3kpswt7g, 222246
fury102ugtdyvlza9mza5ygdrtq8ly97p03vsarl42d, 737774933
fury102xhvvh5hljtlv0fwdsxk60yj0hwre4sf06mtc, 54492
fury104algnpncvwvsrm24ds2v2uk34gepg07cztdnw, 22662615
fury104c9705qhahdvs3qumhlmk2esf6jgh8qaqjq3e, 5828542
fury104la2yl7wplyg08kwvh6vxrrky07ju7m924cd0, 4123881
fury105l5r3rjtynn7lg362r2m9hkpfvmgmjtwc90kc, 524136799
fury105pemhfdgc3ljjmjy84jdw56qsp8hj8muuvdev, 399738
fury105sy805a7qwtyrkk9t48qfjpdcg4qjmvvq0yhf, 558197
fury1068jfs4mhwwtscyxzcgcgugs2qqfm4533neppd, 302368233
fury106cpydtflfufkepf75e7tchzvlwf3xp4r9sfa8, 10349588
fury106mqnmypwadwrwn9armp04xdguep5ktj0570az, 3643539409
fury106n6ygtvtfv0ejfcnv0nuc95zyhlj4ttumkx2q, 162230
fury106x8q2nv7xsg7qrec2zgdf3vvq0t3gn4ajkzjq, 89685926
fury1070h5whjne6yatsmllta245a7w4wvx2xd90uh8, 3438462
fury107tn5s5nsznzvczjf76qhsq2fwwe6j9z20eqhu, 199182443
fury107vjqq2g0ksant3ga08s6am7j9pk7vwq0z4nxj, 3585417
fury1083svrca4t350mphfv9x45wq9asrs60ccy7nqw, 2290582
fury108ll2lhc4wp7grcqayccsk6j6llq4z6tjcnhc8, 612946
fury108syepla3s5dlnfmw6f85jl24xf99cquvvzr8w, 17532302
fury108zph0868xxwvvm2rp7cfshkylxdhatpfq72d0, 107075224
fury109e65s9ftzld2rhy7h7s03ddp4hr5pemaa8v4c, 629879
fury109u86dvw52ntm8pl4a97xjj7ffs3wspkr4tg7t, 193927434
fury10ahh3k4czgrd6mdr6ak99srff4nkjepxud7jvp, 4880347
fury10dm0ymnpae2dtgys22s5uma6n9c30qmagk37l5, 8102337
fury10e76vpqgr5m3e9ryv78z9m4xpqgrs3eh3h6m2g, 186895545
fury10e8zyhyyq82vyyktk8jnj368euqlhgqxtyypsh, 2459027
fury10fdvkczl76m040smd33lh9xn9j0cf26ksv678a, 755903499
fury10fhdy8zhepstpwsr9l4a8yxuyggqmpqxdx3gua, 6442514
fury10fl6ymz9yxd3srrd45uru48ckxkpchw2g2u3js, 70831689
fury10g43cun9k2nev5uh3pawt843zj2z86zl9s5ea5, 55754297
fury10h0z2smz6s4yp7cqnk5zxqf4xy37etc6apacgw, 1275218685
fury10hx9ts3ana3a7sdrxc2c5jmgcanupyvylnu3c0, 30226568
fury10j4ycg02f3z04gp8qynwx3pvr3sje48nju5vvj, 49884487
fury10j9a6a65alsu0c9h83l6l39kllkq84mz4krcvg, 76635981
fury10jy3m6dxkh609k28y3nsave8r3z2nwzh4nuuaa, 6942507
fury10kynfh86uw9chgdkv99ntj8sgjcng5jvqznf9p, 33516222
fury10l56qdud5g6qt3pzywy65urm9cle0mx7etag6n, 47112095
fury10mkczsrf8snhdhazkf7lav2hjdctyupvrh5gpd, 18834874
fury10mutswqjh463y9g2nyl7pey06u2rgnjaepn8v0, 20577332
fury10pcm2235pd4qfc0lyv5kr997e2gyd5nvfzg8lz, 451922
fury10rdut36lnhsrudd3t4zqqgpvrmxam4leen2084, 37435888
fury10rgklxvl892p07754t4yv573y9nrw3q0fau49y, 15756147
fury10tm5wcdkvvzyhmjd44aeg4r7zlfpwyufplhlnj, 1186540295
fury10ty0fap7l0lk3rfnpudhekhdvtefhnugf73kae, 23041505
fury10ua2etcjmez5sjdfpu2zf6gz4mrudz0eqj8fnf, 3218341
fury10vtw8cc7gfu662ckajmgldwf3es37fql7uzzck, 1815057
fury10wrjthp576ymgwycrp37cuf0v0y8yf5p93vtws, 873046
fury10wwqh5atdkdntfzefzpsa53x9f5vt2p83u53zx, 21401139
fury10x53ljf7kpvdksr3xeg45c4s7925dyjjlpwypv, 13850941
fury10x8v92f3sp64n8mjtj77rkxg38fgaqf7m620e8, 36290870
fury10xjmyvkaz4v7n8mu498n54hvrkgzuyeaeuzvc0, 1795435457
fury10xrqt2z5swutrq0qfl7qysug5yf7xwry3a9d3v, 37499836
fury10ylwrajltnwt6dvrtuxfs0j66e38lgx5wzx2yc, 20128426
fury10z0qwa9j0dsfrdtudwhhef3mkxw0z0xyeduxgj, 371045
fury10z4k4hm3v2xk7wcfjamkc6s4n323rsez0lvhre, 393574162
fury10zhjwdmn0c6v0kn80t5l0v2dnxak6m5jw88nr7, 677645
fury10zt8j3l2p9dy24kdn8ctlupz9c0l0gtwtvdudr, 53913405
fury120qt882nqswmtg77e2ntnv53thllftpxwtz3qp, 166661232
fury122taa46qrdv22ryk6v9wvs285y24q9z25xq696, 744262
fury124esrkjggn9tj7r98s85px3d6u3yq3dtn05ewn, 79345466
fury124sajx7h2z22wx4ux6g6jfa7wgsqxz8098q6hl, 3175385
fury124ysmvvr8rprzhq8ksec5mjnkf56hujghyhqj6, 52556753
fury1263ul2vpxktdkzhh3ee64wgmnnt2txj7xgk0ww, 95877625
fury12736ed7frh0uxwv2tm29qz8v30fe03kqwg07n9, 288590896
fury129edet2g4ysexnfe3w9m7axva7dr48nrxe25ju, 42435687
fury129ekzf5pmmtf2ktkutzpkxch0pedkvq2d8cmrq, 205210189
fury129u9geqpntha0jwal2jrtmazxv98gmajvsx0yn, 1054261
fury12az976k62c4qlsfy0tz2ujtw73vvhpqnm9supk, 4684438455
fury12c9hd4fhgefqlstrmxz74mvdwhm49hfpmttsdt, 2218600
fury12cmsq27zhgta0dsjazfvrtcrtj4cr9es6shzr5, 639269
fury12dgvvmy8rv2xvudwa2pzygd2mdzjm9jxxna0p5, 1444977594
fury12ealu07v9647r2gjv2u93hk2h2vvcwj97uhp6e, 47695546
fury12eedqrmxxsx4s26yzeqs36se5dwwg2tcwl95zm, 78701387
fury12ehd5mgltftm6px4fljh8d7wmf30rfraen5sle, 3455730
fury12ey0rr0tfat37agty9lj7z89tu9tguu2mv04gn, 2471414
fury12fl7863nlusq5t43ft5mcnaf9tvwwk32m5fglk, 1248449
fury12fra6n82rttq79fsn78u3varsun3t6a69upxaa, 168497
fury12fsu5rfdw6qlx3qsrnnrgskmrqzx473gmssyd5, 562770
fury12g2v4a7ej468c023x9f98zl9knddtwq0nwanuh, 180457993
fury12gskjsuv84g4ulxfffzqlw8s342tuf05phm9ss, 1731406
fury12hnhnxtej4qqq9072lc2rxva405wpgsrxmh42d, 14752638
fury12j7rg02evw2nuzsq2llh8acvnwd3eltk9pkhc6, 11915335
fury12kc4naxs5anh40tyjphkn2g8ypvvfzvtk8lh2u, 3981118
fury12kgf84p8h3gzxwa4dhxsp9q48waymzkrmrfuhm, 1008708
fury12pe3m9e4e9vv7vg3nz55t532369gkyfzwfy2h9, 2616485
fury12pek06px76y2mr2fp7ew4wz8asxv3rpwsuhdtn, 22125578
fury12pnn4zl8cqwd3gedv8ydeq5x5x2pl5ujacj9je, 27773261
fury12q0tutrmj3y890l9cufnw244kywcwyvuw80uzg, 58176888
fury12q3359j6shmfmfnf4g6dke48qxlgk0zh3yt75k, 7831051
fury12s6w3qr6l5mslvv5m4shhqwg2a9e0tkh38l9l2, 17311804
fury12scnajjddcrkskht7mj7qplzxh7zkzfwp54lgs, 3470851
fury12sczd7vmheqat355txqducgm6fk86ye4pf9w55, 4262371652
fury12sm9vfj4m95nr0974kjhjlfx4eyum37ha6wyul, 72423393
fury12tm47mx4uuzp7sajrt3wnu7e32drdpy87qvhnp, 8448036
fury12u7pmk4cfhw6fk35mkx0ql9m3xkmc8y7fnetx6, 163029
fury12uk22nzee0hgahzttujcdce78ax627ash938cd, 21188847
fury12usue8q9w5mmvuteh0k40h0zzutlm9k0qpqz7h, 192379874
fury12uuweyuphf6mlajazkpxke2hxwdfew2wskc4td, 2457725
fury12uv6a2n9a6vsvweexu5he7779am9laqj8xvprv, 458468
fury12v3a0nz97pm3sa7me8lpxs7lazsyjzl5vytasq, 87042774
fury12wn2hrsr56ej5fzyk9sfcwpulhyclrzgsmdaz9, 5791389
fury12wyh5wdaq7ej0tz5v8nkkgauz8cvlcdflh37lm, 39289613
fury12z2988anxfkyrn9jtd942xgjlxqk6t8mvguzdy, 1113734
fury132addhjsmsvzycnu4u7ue696xs9s2djlu5pj32, 99529774
fury133yra9fxttjsu22vcjgdfx2vvsve9q4gfpq6am, 15174128
fury134c3cg4m9mhak7d4q936etvmm6w8wsp2unr6tf, 26763520
fury134sne96llys4rzxt0jayv0a4wleqk9my0hycmy, 3669179
fury135z2g02fhhu9mcmd9d00fuv4nuzdxf7qyxy6x3, 12171316
fury138zjp8a9t8tfyv5laqjdnql7shrhdl5fgul05q, 63249501
fury13944048lk3j8kz9q040nus2awvlfwmrvcf8mkx, 55810272
fury13959x7zm49jaeyrfeltjkwz8adu8p0r0lqu90r, 80479940
fury139d8eudtzyh9e8nr8kqqexhjjzy77em6ql98x3, 51376372
fury139ue9atqqel97rmlymsr6jap3ymthlzj8sxhe2, 612946
fury13acu2gmykq658hht7x7hafhrcjlpkcrytqrtea, 34371808
fury13atsv376ycnn4d8zpzn79j5fzteglrgzrpvpq6, 4301992
fury13cahjd44t8qhxp8f26wx9rgxu7kyzv4p0putdf, 16622803
fury13d8mclqut9ehdv4lj2c247t43tnpv33h2qx595, 18641830
fury13ep88gq05nmde8w85xxf2zm5cy4leggqc52l3p, 163421
fury13gjhk3pmmusvdrsgqwdc74fcafdmvex009ym5a, 1091795331
fury13gu6uzke76x2jwvna9fglyhl5jacpryg9x6jc3, 23852989
fury13gvqalusnmapjgp3e6gnk9q832qv3g3u2edywd, 33618632
fury13h4vazvsjkm0jzh7jtpf36f6kssg9mrh9r55cx, 1078303522
fury13hgplqnsp0hwlx9cesjmweadqetas57lh7sap8, 90313302
fury13j02j3t87jx9xgrsrv5aa8fy95atu3q66pt5fj, 447233
fury13k6qfw70078hzfwmnxucaz22tvfst526643ltu, 66940582
fury13kje8255tw2y3ac3sj79kxdjwama7y5a8qvzpq, 553840
fury13krrwf8k9kewla2v9lahdwxx7h5ye0zmdrhwt9, 166186
fury13l5pwylwg9w8jh4a4gr50nt359u4ylkcyjfjye, 43716641
fury13lmh7zyl4rtvvxyx9tszwfv4efsmfz7am6sdm0, 98541083
fury13mdcl758ve9lyh6vwz7m9707356snth49ndcge, 1039920
fury13ql5gnxtayvzzy9unyjkx3yy6lg693x9s9fmj6, 632623
fury13qmz4tnvqjuyfegnle35farscnz4f0av7pjum6, 9731681
fury13qw8yljr9pc3u3w29ks5l232rph4jtmtg7ylhw, 96754
fury13s2cpk43dhz4n8g6qtlqtsre87wqjljuu5z9sj, 27592443
fury13stez4ztgfyfhe5gkzkrn5vdp0pukm2razj9c4, 27880461
fury13stj4dcva0efyew5a9dk2ehp0zqwyv2jtgqays, 1775111
fury13t0vcrdlj3vju5pqgwzlyr7lcw9s96kax5j8tx, 341057815
fury13tk45jkxgf7w0nxquup3suwaz2tx483xmqrk6r, 5488459
fury13vjelnfgancgdlhsx7605rx7yessjaplwxt030, 104956334
fury13vwsv7hgnqxnanpa26vs5pafhfsvay6jwy4rkx, 531892094
fury13x9ckwpcpxjkswuuwdtde9een9jw9kdpl67082, 1587133
fury13xqsur77l8vf5cytj0hatmle6mnmrqf8yjmwn0, 50720797
fury13xvnl37tlwlfrw7r3wqvj86r22wvwwvh2zzshx, 384964
fury13ye7y05y574a48appe9av29duwywkfz59nged4, 59179
fury140478rafvztvv8te38r9yv55aph34du5rejly9, 707328
fury140mtc9tsl84l5udw6j6vn672nev95w699fydjz, 9797175
fury140nkcxuxz35xf64mtw3kqlcecvdp9lj5tsaemy, 69286695
fury142t7mzhvxd9aa29g8r9hqx6j2c8v7q3z0sgjch, 13667829
fury142vtwu440zchsws4llnq5rknmslvw2fxdsctpv, 4391150
fury143zjplvxtuy53el280m9z2qzzqdxtj7wyy7r7t, 288807190
fury144t874ylvqte30h4fx7nj7hu2cg9x9yrmrw7yv, 64898925
fury145whfm259nvdu6kq85ew26s4u0lxw3q4fqtnmu, 1444425
fury147cq9ae52gmzn9x7vzly7a69hr2hwx06cj02ex, 2798838
fury147l9kpdsc2qmsyfjn0pkkx304qam5f48axllaa, 72864639
fury1488m8k9mawncs0eyd9zae376yyl8vahlw6uky5, 22595732
fury149yuktcwykejj74xrgwsf8848h9n5ye3afhdac, 64735
fury14a0y5zc2enr6n54nt5a9g7ex27z2njlht2xqdg, 9412770
fury14a58crcwrxf0ka2wgkytevaxj695t0tp6hxfl3, 62473767
fury14a5dthj4vdelhgqdh84jvsphnmc0eymlewaakn, 1766907
fury14ajy385t6j8cpge8sdw47w075h6dy9lh6agqur, 19649150
fury14aw84c77lgplw04j4nk33u6xpz4lmvnkudd3y7, 575473
fury14cmqu4yvwg6phheusfd2gpggdx582203j5xhfx, 29533777
fury14d4mek8tj5uef7gxpg6lp3ur6f5j3ka8fm82ah, 17651039
fury14dsa5m0c4yjn0xy5ry8yhulstsqmky6tpep94h, 1629184
fury14dyagct9svcxwzaayushffhgtn297ku2jxa7pf, 27576098
fury14edy0mskwzyen3g6p3w8tanzjm8e06kxa23ex6, 359139800
fury14eg95srd7cc9ykcru8rv6knnsqprgw67dks0vl, 220074
fury14fqtpynvp6vcn4hwu5k6fw3rtxzp5yd5y9r2mv, 294606450
fury14g3lkhp88wzlnu586qlj4przpahqur23w8ksf7, 4881231777
fury14g9djmq5kqh824h4vr5x7e0q4qc4eh974npl3k, 1137709900
fury14jcvdnh3vy272sy8zhkh4j349f2hegh9893vsp, 20123495
fury14jmr0axxrudzl56vufpv8tzuv3dutut9k9r5k9, 17026445
fury14kn0kk33szpwus9nh8n87fjel8djx0y0tsepyw, 83894339
fury14l60sy00k3m3c6fcpanf5hlkk9mck4k7gyejat, 474227842
fury14n5tztt584umq3rhrn67dl8x3u2vr3jx69l2yw, 4291302
fury14nzyt8wmx4g6zkeluelukamgsh5v4xgntjf2h6, 20529228
fury14pwe87zgx7geymn3kdj5hgr3mnw8yf8dlrasfd, 2634051
fury14q7ntvc4zvyavde8tlesspndfd3r83h2mc0r6c, 11381
fury14q809c4fhnvqktpeef4nz8lk7hgsqxwjjvwe2t, 88982524
fury14qw457h2qnnf3fjj6ufyrmm2an74w2xgdr20dh, 2380415
fury14rcn5s80v2fthgzw0pkvkwgke4ss8ew877437z, 182341940
fury14tawjg3zn76rfjyjmvadc8wxd3mk7nk4jsj538, 27984767
fury14tcxx9z6gtdslajzz5qjlxu3vl3v23dj55nymc, 125099
fury14uugdfp69pde0hzr50tjgw35s6j2pyffwu83gy, 2447904
fury14v2qmuz7xd6wngfs7zshu8d2tcpj02eqhukm63, 86680467
fury14wanzn5twwugy22xxg83eh07zyw44fgtd460hg, 57871193
fury14wed03u8lz0tphfcrn2rgz46hmcxgwdjkwxf2q, 518304
fury14x8f347h4jvl9574fzl4v7z8etys4jsj0g3ztw, 1030884
fury14xv7sr4myjyjdlrmeuq6h80qyd8ueje83s3j8p, 7068729
fury14y420auq56p6xgt78sl8vwz3jxy77r9ccemaha, 27183606
fury14yqr2q5u4sehadtfxx4rh4rjxzfht6ec5tks4g, 93721359
fury14yu02qh35pqln6j0tdlzw43c275nhpvtza7sqv, 31340154
fury14zxj423axgtcleawtsmtud5s04jt97pswwdsy7, 528983804
fury15039yuydx40yx97k7hvels4x2pcdaz3sk8376c, 2643119
fury1509pyftumsatauh4aqk7xlt2kckmrfyaat5xs6, 5989506
fury150j9auccvjdsquttx0qhawvux2m67fcx77vch2, 75808172
fury1529qmte5sm39x5d9sr3l9g28zytr5ysla5u32s, 140842
fury1542ethfxdynf0r9d4yuc3vee0gdyrqe0696708, 10294954
fury154eptac3vdayfu70se7qulkkw0qsek2f2455q9, 10902745
fury154vkh66rry96ntz6506mknys3hypcu4g67zve3, 122899
fury15628n3l2a8f89s5vr5q3zxy97x3as77wrm0aul, 56622535
fury156724whmwqua9dxwy57dvdw2a3lh3g8yf5mcs2, 21913102
fury156kuw4y732m923cm7ufq598kkz8tpagypkcdes, 2927274
fury1570zgpm0dx8965pk9rrmjv2tllfxmnrddyme0e, 337203032
fury1574j8k822dm3l7u6sda0srkk2px0mffqnpjm2m, 2156191
fury158demsmucqfjazcxkmflh756t3d79xz36zp2yh, 2776278
fury158gffeys5xh8ytf3f7x57yuaajzhm6fa7jdala, 233610
fury15ac4yml09dflm8kyvy3fd67fq75uz8awf3at2j, 74056868
fury15akxql9c4rsgs4r7humatnuxzfxvu5h96x48he, 4196442
fury15ckeufu2fflrjw46auglgf8vzplj0ermqk89vp, 4737355
fury15cy9sm0pa93xn7lqwkm5lzx6yqn35eclp53jpj, 11532982
fury15czt5nhlnvayqq37xun9s9yus0d6y26dk4uv8w, 2875949
fury15e47t2utfx4ryweyxdpj6xlp4dtcvkx4gfdvvq, 25237878
fury15e5ger90pueflh5g7kl7sfrfnfvst6rzmzqykg, 14690076
fury15eeys43gsk8m4ayu9p568253le5zy4eh0n4m7x, 56036875
fury15ezh8zy69gv8x0pyzjvzyhtgeu85r97aszp56n, 65863113
fury15f6nvuqsun8ky9tz57dhphleta68hu3p5swgnd, 98933926
fury15gd5haue6wpfnfwhxxg9gs6kkg6yes3k3v8vd7, 497747
fury15gtdydktwq0pr8j8fa3nrf4z8639952nuj96lm, 26780259
fury15h5p65h89vz2vun444zd78kwtp093f7mda54l8, 796486
fury15hg8qqcn0tpgfntmegv2mwpl0k9lpt3zrxddwh, 137567
fury15lkch3y0mzd6x2s96h6u4lulyvzvfu8ekprc78, 594869
fury15lmugaqt0vhv87r0da2kscvdlej74e6dlmw4hl, 312656718
fury15lmuvzl0t86wa46y3d7acp3ws74tkzjjfmx5fg, 56873930
fury15m0ecmh7mplgqjlwmdxqyd56482zd47lwtzwet, 1019533
fury15n26p07epk5278d2qnfg9x4l5w2ma9wgnp670d, 216434633
fury15nn5sjx44khe0vh7qfrc7p3geslvphv7zrf5cz, 1302328
fury15pghxjl2t42m225pthqwp0qncncefzhwana6at, 14226705
fury15pkp3vqzc7fg2jjuvrzcs3e3slsu5nz5uklz7n, 13749011
fury15qvcw9zurnm9lf9gultqva80sfwr0ca8celasc, 106986536
fury15rsh2fg4pkhn9f79yq4xxwh3njdnd9z50jp5ry, 1389285
fury15sa68u0qacp2vatslvayj49grl3kwtzw6s76mh, 44394873
fury15smld4cwzcq8zutcu4uj6rhupvfxk2mdqf0fjf, 848756
fury15sndhqjegzpc32xyw9le0vv0d6n8r0jyqfahea, 463219
fury15suvy96r7uv4ewgy08jma5j7qqqfxjegnhcp5u, 4768632
fury15uh8lqwv6ty6jafkc9jnmp7ewjfzc3uuyvhlyn, 9456291
fury15vrulyt0gw8h55su80dkfscus5lcjp32eyydfg, 22079730
fury15w48fcnndw0ygz6due737udnkc9cfeff3xq48f, 523277117
fury15xztthwvx30p9s2ucl8zz3ys8uadlutak8awl5, 744262
fury1603mnk65ny0a6m3fs59s0qmpupm9g93vgqej06, 79394123
fury160hk7drrw9tqhs2550m7zzxv3r7kks0m4phklg, 3789917
fury16336nwqm9qdq0h9hnsaldm6eqn746tm02377m6, 9374262
fury1634lrxjrjcqwdxw6x9at63meylrcsnvtnqnsu6, 28736685
fury163h8dq04rytvvvem7u7gh53rt00gaajlcrjamw, 3345825
fury164fm6rnv4zsj7x3ef6xkt8um856g6q32gtmypq, 6143904
fury165h0cw37k9lv4y6c5z25qfus00a76nraztxeqs, 22370277
fury165htj8zsdlrhjp554f55k0a5ldmuyslsr8w4j4, 58444781
fury166rntwn043sj8xpkdwvrk6grts7e55k5y7kle3, 24403573
fury1675luqzzd4l4vy3n3hrwlsw587855fp54jw9jf, 74426
fury16862syzdtc6h0sxz92jhnjjas5yhhjgzluyjr9, 81868
fury168uj9ydean794w4qqp5kq84v67sjl66g44s0lv, 5376043
fury16a24tysqtre4234lafk75ptawyr4yqwpfpccqf, 497586
fury16cmu5jru4znwf9fkyux5mr9ry003wpsd3a2jkr, 1166757
fury16cz88vx5tvlngvc6htl8hcg0ppgy45d8el4080, 146006
fury16eh8fp3y8z2w0ftx9srkatavcte5rynwag56rw, 2719382
fury16facdx50eramsgdkd2h8eywjqyllmp6qq4hdzq, 189731817
fury16ff95ps68m9zr6gngs3rt442jr6079dy9fu7q9, 133420857
fury16fmyew2a7nym739wfke3985red9wwsd6d9a6dk, 169490644
fury16g2vgj46qvcupamw20kgpj7acpglmc302rrrwz, 14009725
fury16gej2f6k6k8txn37kcypn68rs2frlcd79knx7z, 22776289
fury16gm3cvhluf9xfurkx9qgxq7pldvd479ld4g7f2, 11295690
fury16grx8tj802z35zzechc5rhvzzcdu3hvkkgqzn7, 50626734
fury16h026jnvjftww9kv0p3t6hzvgcsck606826ulq, 10649914
fury16h0jgc2p4cesym94ppmwt2h6r7sjac2rq70khm, 300659911
fury16hrh676akf59zplntj080gy0jq4ru7qzxfp47x, 134217259
fury16hvfd54uj3ygqnymxa63c20s6t4pq8svqzux8t, 7145505
fury16hwuw29y6ttw20wek7gsag7pfqwcapvnaerm7e, 1385376
fury16k96em8nk5usnxw38n94skklx2j9rr2w8v5afk, 20964264
fury16kcdjt4rvskyeuadt6hp850v529wtd9uqauyex, 29794761
fury16lp20w4j8qu3nvw2q0h0vrwa7dlur2ape3sxr9, 294909847
fury16ns8z4fq0sax2j5g833ktc9j977ehlv20kgw6v, 509289
fury16pcn2nfv8j47g20eg978v24s3vj5uqeqqmuq0p, 21767216
fury16qxqm7vr3p7l3jxk0qqrxn4mu8z9vyszavhpr7, 227527970
fury16qzy98c0kaenaduxrgkhvlrwv0uglv6dg9fy0x, 69229581
fury16r39ghhwqjcwxa8q3yswlz8jhzldygy6zu9yzh, 2946494063
fury16r8masj94zav9fhwg00z9vkx2rpvd9d4tjh6jm, 871826
fury16s3xxaft7ejax8c3lwmm4wru3hxcn0a5lg03el, 3650010
fury16sp25c8jvcs54atlkvmmaum05yu7r6l6r07u04, 10471500
fury16sw3enjmxnfwuz46tfz9zfu8vh4kjay5af3w7l, 31430682
fury16tge87z22tajs0pevp4l4c2k8p3dvvp66ctw78, 1801983
fury16tgrhskj0lqealaxe7yd6kq6qpfyznscgtfhps, 34070255
fury16tujf35rsy69qhhy2qng3j3rsq707jznvqfx72, 901140393
fury16u8kr2lg33entn8fy0ln8e96vsjva7fk8y0rqg, 7683084
fury16um4rgfg3aqassjg6cmkuw90hgvshrwm6fkpj0, 439605
fury16v92zr2k7yyjqklc55nyek249s0medqjpjpw97, 59643484
fury16w2k4w6awlk9mygreluu0r6zfrwutrdrvd0uga, 1169638
fury16w6g0whmw703t8h2m9qmq2fd9dwaw6fjqftarp, 10286477
fury16wc48y98vhnlse5e2sdmcvnehp3uj7m4n7z3xg, 18499671
fury16wwvq2jpezc43qzym8yd9p2s8yz5h9k87tymmq, 948875
fury16x03wcp37kx5e8ehckjxvwcgk9j0cqnhrhpwpe, 127486170
fury16xdwunvp30rrd2g9997j27lh6kmdgap7q2yf6q, 496893258
fury16zfeaqt8sjfrz027p5ysdjag44gtchuskc0khd, 914441341
fury172jlk05vshlyv2le50rmzep8su7txzt8ve9alx, 110971088
fury174cxvu3v40jycyk3cr4mt8xk5zct9afl5a8kxq, 18520329
fury1760d9jkledghjckd65gemglkv8cpq732pxnp5k, 1354558
fury176wylemccg9u2qw060rfgwnvp8sm6fxefs549n, 18850975178
fury1776lvgh0j6uqu5pzzzldr8cucf9cy2ykdvyac3, 51123355
fury177p74ne5phsg0wavrqahzjhqq5jtl68pvr9ntx, 153098
fury178x700y84jjag4y6zpuz7nejtzfvyu4qagzzux, 9632761
fury179g3letju90228hmsvzz00y9avewm549fwa5dp, 191161251
fury17ahakhq5zjef8patujfl463v5xyc2mrudwlx2z, 113654017
fury17apt05d78qh6759neewumdtdmhdyl7ary9up2h, 15638055
fury17c0u77yaqjtgkz2gn26gf3n6p3mdmynexhqy0y, 290609991
fury17dsc5tlt9z2snqafzzv43cxxzu4j4zcuhtnh4e, 1190981
fury17exchtwv8fr99tzktzlq8635ae7ke4zrz35ahe, 2648273
fury17fnnjn90gawufm4ah4agk5wwdqk4nm9xf7gkjw, 112550605
fury17fzx4rvw04586s8f2c2vv53pe3yypu0c797wwn, 18384263
fury17g9p6qwjac45x7sv26n0zxj3lykwpjlt5d80ts, 1168917
fury17gp0nvgxhcxckuxal9pn8qaewvscpv6wzaznxq, 12473414
fury17k8xnrdwa57dh03hp4jz2dul97taguekrxhq3q, 19209104
fury17kav8azytka7486y92e6tewk2sh6r8er2w7qqz, 306737
fury17lyl2uvzgs2dcqfhf0lqta7gnpl48y4a8xyw6l, 6690215
fury17mggn4znyeyg25wd7498qxl7r2jhgue8f2ag8u, 1075219380
fury17mgzrkzjh7narxcqnrxjrj07fs9hs8fqfnxjcj, 4394462
fury17mrgrpdyt2e5a35zr3ej0474s2j8824cgd554r, 31278305
fury17n29htts9z3wd0ydtq0uwsxtpw0hs0c50vpfy9, 6286278
fury17ncgp84x5vmphdlaaktzp7hljh3mhysqk4x75p, 3176205088
fury17p3q697w8qraarjzv6c50wgxmvslm5mzggytzg, 72993871
fury17pt3c6psv5e3emhw2exj0crj0qnqvgqxthx6zv, 9919477
fury17q5weyq0vxlpaxfs254yyewv4j9l8s0y4svzkl, 11312399
fury17qrfgsyepv3mk2f29jkvf0y7q0fnyx7dffedvu, 13375254
fury17rx4caclnlkqwlkq4hq3aq0cvj993pnfczza5c, 17152991
fury17ry7yg9d55sjrtdh04xe7p723p9ckl2yl2x4z3, 4452323
fury17s4j4khqgeax358n3pvfexyech9zkec38epf03, 498324
fury17sw5nvqvut9yc2y2hy9nas0ff8euxdaptqetwz, 386069173
fury17uld3yhlryf7v8zzl0v6eekaf87zvnguv9g0rd, 28545547
fury17vfqhrenkllzprnlngf98hsmpp3vp858rekhn4, 431101
fury17vz8hvg96lddwawdfygvu89ua4v7qgd6epp6xe, 690055132
fury17wkcra8v2n9h6tgtgljw0y3z8htyg9qgnar87p, 12644572
fury17wl2px6rxngjuuqd0va6fl8h7gjq6r6uqx3l9e, 49099633
fury17wp3a5mhrjpc05t3umvjrkhxd9eagx45wr6n0z, 31320011
fury17x2ry75hddumjswr2gr7hwfle7hdtnedchfd3n, 126364106
fury17xeehqdkeg3h63xjy4k9a7gsx4n9zv27y5yau2, 1159938
fury17z8jtqskn6xnyqmhhk2sw62qm3az009xz0e20f, 40225337
fury17zn7ju55x8rc236vt4dasw0p7lcgang4tmdsz7, 9687191
fury17zp8dxwj40kw0998gv6x4z669cl8dsj3yyj4ge, 1953554165
fury180c39urf2eekhssxxq2pn44smx7zw2r2gqvl09, 15814318
fury182pxdtmc7uz6dxwqhvxqrrygyj3v08lvcgv666, 672914
fury182xlpqjrrcw9nxd8g2chzzwygx3zuk8ms2f5tv, 66516944
fury183cmyc8jkxcfu6nlv96pgx8kpznvdwygpl22mz, 13670428473
fury184pp6fhwfcwgrrc57cmmw73ktz80hk4gp92pt9, 12959256
fury185uz5fmgkfj65rncnwak76j6075zvgrqyauymd, 9346277
fury186sj2kq43zzeyn85pngf8rqdjqt647yg03zemn, 42401656
fury186w8s4yksf7ujq5696r3r0ae2x0lvkxstssjml, 613228
fury1876l4y23yfqu6ccc9lwr0wms7kt2l06axycert, 49656712
fury1882k0v9pqcalxhq66e2pdct9kqkd42fhys08ph, 2771406
fury18879xscuwzv9cajaqusz8fy30umqc7fvfmjguu, 938103
fury189psxs56n9xjlxrfn2cjv70dx0x64rgvam029x, 4051287
fury18a5wwnd93gpwelf5emtews80y3q8gs8d2kq090, 8954742
fury18aav27875wy0zlr34vt88nnwlr2prx09ycyqvv, 10610599
fury18ad7yknwncelc0tcelhzhfl9gpuf54zqctmp8n, 22092738
fury18apr03lqraz44ja4ljj4chmffd00d5qgs72k4q, 5696906
fury18c0grhdx96lw2u5t9qchl390n5weu9zn4euc7s, 26110503
fury18etwx78wywl6k8e8z76de5sn50nzhuq87vh3fg, 41321757
fury18f22qngc7s0xmzd2mal8gctafznqx6xsqqrdgj, 1049410
fury18gaw003c9hx49sdtxavxqmmmmzefhml84d7m4m, 2623737
fury18gcpqqg8thgvhs5tcnsfh853z25lf6dl7xqnmv, 65473605
fury18gmgltfd4ww37naxuy4ecvkswc6dt36d267ap8, 14763969
fury18h7hjdzpu7v0rkvlhdcgx83m3z4hc287zfawwp, 6787632
fury18h8hshvyllxkydsncggramlp27vv7pa3sg4fj6, 69086230
fury18hjqgt5pk2umrr2l7xczzmjkw9d70hsav834yr, 4200695
fury18hs7kq0jcvhxt2dljyjzdh9usq8m50gx7umkpd, 16186125
fury18hvxeurh47qudv5qmrg88tewrs53razkjrnvlj, 247937
fury18jyeswjvlvq445wq8hyjxptlgjz4mkpfmjda4u, 17927271
fury18lau6n0f8jzz6cr9k2mcm4lyylkwwunwstmpu5, 50297843
fury18m567g3ajj9cvqsdmlw4zg0rz7t37sg0vxtsup, 344054
fury18n3vlcthxv5s2s4zgjdrjr5a6lw9e7tmh4gfzk, 4294197
fury18nsp9kdye6myw2peucz6cs4zua4kwxlcs8yfh3, 5892908
fury18pud5xrke2wj88jydft7g6c9hylu96kgf52ghe, 13457963
fury18qw9ydpewh405w4lvmuhlg9gtaep79vyv33lhe, 71018264
fury18rkgyuyndswqq5ratusymmnpwa00gpum3cdj0k, 36466464
fury18rwuaujwml6ry0pn5pc6mnazn02zux2wmc9ffj, 10803863
fury18sakhgps9wzz8v9rld23lr8c8hx296f9r28rks, 149838
fury18t39j3yelmht5n974hq65mh9eznf3u4jcls074, 28872319
fury18tye7mqdkz6cmfk6tcf6trzjexjvdjtntmljsx, 5901108
fury18tzene5kjaj2z6ry7tj67h9a80mjmrd6cmylme, 33094869
fury18uekcazhharfnl27e67jw82xzt0thqm0junea2, 14348605
fury18vm65zc6djlwcd7lxsc89f65n8fxd43xwu4kl7, 17416388
fury18wg80p26wzjwdggclux0mzeetdapfhjc8atte7, 393833034
fury18wyelsjcycz5y4hz8xnd690qy39ns30mhfkf0r, 77449184
fury18x33kwxnexlz884d38p2hk24patq4pjs86nm58, 3473202
fury18xhs7tmx833m36y7gvq9y4pqtymuu9xacz0xz6, 33473619
fury18z63wjpqkfw3s2ekv962shqeg55uqs7eznw7uq, 14747799
fury18zefmjz3pnegvrq7476fpaf6u2xfgqx8c746jr, 15364224
fury190t90m7zplw5rrq8v4g9fs0tfpr7mqk8fhv47f, 617687
fury192cgldvhfvw4s7yzejrxeef73jvc4l7yq3ygz4, 557702
fury1932c3xx2s25qk2c0asmj5d364d8e8q8tgs42gs, 6164244
fury193q55wg7xxrl7yk77cf3n4z65cruskzseqg27z, 50664104
fury1942t20u6fgue2na85h8z80kmze53k2q9pvghg9, 1399910
fury1950gr3xqphttp58j5aztgcn380k5jmmft0exhq, 5789228
fury195929rxw30rqjrcfvfc8ncsgugnpv49ra93fc7, 2827498
fury19592pdljcfpz5um3r5nvh3zy0v8wvf6w47hch5, 3148053
fury195asqpj3alxd3kuus5ryyh7tn6fv0xkhr38cau, 845959736
fury195vwle5fhk28hwes9d8z6vssanpa3qm6w5uhnq, 446557
fury195z08s2qj0em8pzyyaqm5l29p0w9vrde50y8gk, 5119339
fury196ywd0mhv02n5rnqctd5rt9kwk6jd3exjeltra, 3551226
fury197nrt26lht5k6805f5qfmj5r3mndwcsmnjk48c, 15084189
fury19a26gff0gd4jlaupgp360ajte6mg907kvk90w6, 52972788
fury19arx8wzy4pwdtf7tc8tk349ham5lemgxknfd6c, 2928358
fury19cphf4mapvq9athkahry6a7l6haykcz7qsn6we, 1297779
fury19cywlrva7j537yyvej4p93sll0tkytsz74s6c9, 162321
fury19e2670v3akpgnj4wetq2g4c954zkpkt85w7z3w, 109087423
fury19euwqzlsaluxrtmjyd0ss6e4dwsvjxml58qtk2, 8194304
fury19fzd24a02knjvf3flxt9h3gw4gvwakjp2hal65, 1042329
fury19g9pnfpa4jeusz087lt52g8vewcphhkcqhzyhz, 8735877
fury19gcmdjeyhh54v5j4xgsh0rv342jkqhzk3zq54m, 366938
fury19gnkayakrhl65aq7kmny6gskephlme6z9xla7l, 61901990
fury19jfu8esg7pt8s7lkgk88pc0hn4efm4hrfh0p4n, 51469920
fury19jly2mmwygll740gfnq2n0rh6ztzhkwwn5xzmu, 5207484
fury19kk4mvrqxqwvwdr9a7v86wx0kzqcq6khytu005, 186152334
fury19m8asm8rlthygd48sn236dfz2v76kn7nt22crh, 4730513471
fury19nmj0pugzugswrtkge2nkklh74lfphvkg64hcg, 9034821
fury19nvkp97wnmtphc9jcfdqw8plfdh4ktxrlx4p9t, 6482591
fury19p3uzdflshsag86g3z7fqamm5e4hz67zhcr0l3, 646478
fury19pwe72fzh80yhagkugalz3pe08ymrzad5jjcen, 757646
fury19qc25l2nwztml9nvhqpg7y55420uvg595h26er, 831846603
fury19qm0jvvdm8jc7pcaa0h2tduvr8fzyvs9ws3ruu, 93512084
fury19susl6al8h7lqefg2svhm6gzzzvw59270l8m94, 7000202
fury19t3rwqcqccl09tu3nwn7fe8q8g9lgdsuznru7u, 2006108
fury19u5qeedzl76jp0dv5lhyccc2dht55e2wssj580, 5151845
fury19wh9g3vaxhrf8q98dtdftdlh0wplxc3uch4y8s, 10455302
fury19wn6kfldgl4k7ul6gxthnrgng6jq28d4tpp8zh, 15536290
fury19yvvl0cz068qu4sg7v2pxln0cqm8nt77kampgp, 3077898
fury19z2u5wr25q9el0pvx4m3x6ce5zrax36gpfpakf, 20505846
fury19zg0wf09lmgut2c3whgp4wfjdlsvarfsn77dws, 677747
fury1a088thkk5txxvmaq3zd4sawmstjglpc2adekh0, 9032014
fury1a08f2aha8t592c05lpsmln3dtcqldk02rqxp20, 77719629
fury1a08tzgv6kp79xk2rey7xqhj2nwdralzpu6fn4q, 383312
fury1a227yjgpvlqxhtvsx2c90kqt3qu788x2qu9ajt, 1062911
fury1a3d39tv7qzmnjqwu7x8frrwphxq6y98j0ewvty, 8250710
fury1a3eu040503s3jqcr8u8r2yyw4ge9p4wnlrttr8, 60268567
fury1a3r3uhfv870euw40fdsxelpmv2a3ua69vx5sdw, 18282600
fury1a4elz2zltdxjjlps5zxqqw5hxvv6fg3k0z949u, 6452660
fury1a4x403nxvg8979dj6m2w4l82apqtg3mxk070ze, 36382075
fury1a6490vmtmtxz7k92akvjr9q5nqsj9axgfs9xxt, 225745496
fury1a6k8jrker4htkpy82ea6jum0n7966vk2ghw2w4, 4866892
fury1a6qcwd427rw3a5smp5s5nxyh374ta0nkc2ks5q, 29289440
fury1a7sunqsryrgza00y4pxea47d4sskqz4a20s2qh, 603212
fury1a8unktv8cp8pjqqzd0pe0293zy8zktxwnwuutr, 5651797
fury1a9fzkadrn347lzwr2wfzn9mvg4a5m0qu5lqnyz, 25168764
fury1a9kpek6dl4cnc68tvud5sv9hczkm3509r24yz7, 17896731
fury1aa02cnqhwvlqsf87s6y2kwdrwk9mkzdyh2cd93, 26440747
fury1acegf3dy7d8g74v3lryamv6jgqlsfy98yp27a2, 31092487
fury1ad6dqscdc3cudwa8cdj7kx5tvk8xnlhr8k9gxn, 311481
fury1adh3zxewj6rhgxjn46hrpalx5qmlveadn406kx, 24047044
fury1aekcc7v4c6vxvcx5njmer68y8rrln7jxe87hfw, 146696399
fury1aevcu0r2zce60pesnlqymqnhe9sufazfuk0h30, 156869700
fury1afc49t7efvjdqzf6jgsyycj7vrqqe7mlj9qqrc, 62735484
fury1afgxa9373hfsvgsreuzufawkgksx8ymlme4pt5, 27599683
fury1agwlxzfhg03qfakv2em3xsdgl73d7n9dsc9nar, 1279907
fury1agzky2ak6xs5vve3c2wzjtqdq7fwadcgsh0k7c, 576159630
fury1ahkqmz5ujc24h3lm9c8mm3q5zjswtedl2s68z0, 10119796
fury1ajl8ga754hmems6c33ljxerxvpw9detp27tsl7, 198427152
fury1ajql4ug94hxka0vqpq949mwgl72cst4gjg52h5, 115812885
fury1ajtz7juqh5jd9zjqw28xcmjdh6dxn9dv8da4t7, 14984728
fury1al9vyzy0d4uygnv85px6s0jwtr833flxeyc6nw, 65216
fury1alp7d7p80pny3dvzpp8a0fr49mmututyfyfx4s, 57023538
fury1ame2j4xqpenzt40hq97rdfkmx477cap30vdtze, 3641490
fury1aq2qrrr9jqdt6wj32edlazfy64ajt9fvxdhrj0, 13720000
fury1aq4j6gz0tcj039nn74pdfefgksnqlld0pykeyx, 8514841
fury1artj04ggd38xftestmm48jg2ycyt9xut4w5khp, 1728173
fury1as7kzt3w28qcwccp9tw4f3hrx6tqtg3kunrjmh, 9257358
fury1ask8x8anxmdg9ujwat43dfdhmkx365sc239hc8, 153835
fury1aszpxp86gq9qnw8yyyxfkcfcau0870u36t035q, 669143856
fury1at64l8swyqnfvm8lqjq4w4hg0kt92uca00e79d, 244051231
fury1atavjwqean7wtvhm39tfhcfame6ht0u407fkc2, 59677971
fury1atmcjv5uhgedha8vnnx90rfgxd4a9sprz0n2kx, 15428779
fury1av5d3fudnc2ts4uln3t4z5xlgg4999gperaxs4, 86143527
fury1avclnv4gtxmlqge99q06fwlrpafypq0kzsn80d, 461817539
fury1avqxhv6txc3zf7f2ndqf7pfheuas2yfrqzzgdt, 5595549
fury1awk0u59cq3667pdxm7vchwwe7fg27cafyjpjfy, 15015916
fury1axrnltmta6qe4ls39kre6549e69g9may0ah5vj, 179806
fury1c06l64j6dmatqrz879uf44tn2drplfr66lrdrp, 20927990
fury1c0vya2lr5dfuarfucsln8usulecschvm6l6mtl, 8339260
fury1c2ukpte5u58n8m7nvqq9hqxl2fdn6mkxlajfel, 25544563
fury1c3cen2nhsyh7u9p75hptkac6rnvjuxcfly4s6r, 13461745
fury1c3uhgyvzurgezzs3kc0dc2k43jw32cjrfmd6wg, 62006908
fury1c3v569ugt8m52u26lkge78zw3v55qgwd4s424l, 996819
fury1c7um4ysrvvm9p0qxrcar2n2fvqs87p0rr7d9as, 2018250
fury1c863exd3ja96evjay50t2c86ml854wdxfzsy6p, 10581474
fury1c9556jdgtf7elqz5hqh8njttmx8vh07lxzu0yt, 1614119
fury1c9dqvfxxejfujczyfnkqwk2nrzt5fau07mv5uu, 31790628
fury1c9gvcjf9ad6jdarh6pezwyfk0z8jc5skaglleg, 52703993
fury1c9mw8a7sytfezamz8u8ftleyyl8dt6tkp80x39, 10069573
fury1cacd44gaf97fprqeltndtxfsntlt2gahthjelm, 297671016
fury1ccm6elc6p2syc8ywc2fp8ztj2j008x45vm8r8l, 2914486
fury1cd8anq7tl0a76q8pz3d7uhz0wfv37ull9cpe8k, 51568
fury1cdzmam6vcph5zeqvgkthv5rlesc74psksg8wm3, 5408730
fury1cemusvyxfa6najlhturstsddkpguqle67kfgds, 137277
fury1cffrhp203p8k6za80hgssxagp0dsugf4lwd8g7, 4651222
fury1cfn9mzyfkw9v6adsm8lqd0ft8u90cjgzfr2jlq, 552971
fury1chaazju7clp7wg4745ymggt9zgk0az3j2ayqud, 1252519882
fury1cj8ypvy7ctsdyv6dmt58hwcw3eckk008urrunr, 18818876
fury1ckc4z334rfpdcqdz5a85mdtaktt2dtkmfh60md, 20386122
fury1cke7phy60cfavv9dl5ux5jqmzy7a5y8gut0u9q, 8525014
fury1ckmdermeu9kk7eknjxz2lcp46yaycygq7k94j2, 3699782
fury1cl64udct5phhette0jcwpstc4q5df964sv5vg3, 66004853
fury1cn2d2vr5carrw03d6gzj5qd2aruk8aw2hd8hfr, 48496617
fury1cnkpdfankrzet4v08pfvf7ze2yq0cn85kyu9e0, 162513
fury1cnskgpm8pasf628kzqs5vqlk5qk0y6248xx8hg, 15749022
fury1cpuae23pr36qxfpqqmv7nvc7ehr6rl493a4u7y, 7725410
fury1crsc6t30jmtnzxkxj50rhcv08dw7qa74dyh7dk, 115539
fury1cs0hc8hu5y6uuun4qqz89dd4ylmc4ck8nvx3v9, 2817360
fury1cu4sdqjqmdmz0eh2laccjr7676evrpkj6me0d8, 149507
fury1cuf2tf488xxx5gsju5wue3tv5lqctjm65uvyn9, 49604601
fury1cv73z7f9749md2kckw8nh8wr9sajpggftm3sun, 54256530
fury1cvpp3z3ql6mhh2kt0am2den76cl36m9rugymsx, 25198016
fury1cwmrs2h6wxupp2p38ehy7rsnnry4jhf5h06lfj, 158921716
fury1cwp0k6srj4lu4287x069r54rkx29vy6amphfta, 74751
fury1cws2ktsx5edvv9vnge8mj983h76vz4tx0hfvf3, 106135
fury1cxjungunz7402s9a5y43jyddr6num66xgweqpt, 2612318
fury1cxn4n5283kdyd4p2lkae4snnszt9zcpfpak4g6, 6030866
fury1cy06ve6mkqav0n8m8sl3hcjd4jrgk96s530u4y, 19520373
fury1d0e9yp9cu8x9k8mg0zmx7yh5wrf2cfaq5sqd00, 77146
fury1d0hk2gflp7hsejy4t2a750g34w2m9nelsf4rl6, 10522341
fury1d0new9u2f80rcmmlw0zftxeh0385c2gwspdu2k, 9354024
fury1d0zydkzyw5jw0dwusp603uxpu75u4shtjq3jj2, 290096
fury1d2kh2xaen7c0zv3h7qnmghhwhsmmassq0s29qr, 44442
fury1d4326nfkxuglcjdl9kn86xfaked5txwewwx5sl, 96128362
fury1d4aa4tfkv5zzdt6wssfd5txp39y5ymaf0r37r7, 2268166
fury1d5ukx4wgp25p8rvfkceuf4dv03r2nnl8ss7g8f, 678217
fury1d6tdtvlqy9ds56w9cmxf62dhv9fq9h803ql7hv, 60932258
fury1d82wdk7kr9w08c6680vzhcsgjwl5fkr56uznnr, 638336641
fury1d8gkhdnj5hxdql5x4quns5yvld99hwplc57jsp, 12909007
fury1d8mq46wt2yxsgwrmh6hhfgycl0537w8gmswfnp, 117779723
fury1d962fzdsgu7p477s6h3l6c5vkcr5da9vr66h5r, 110353032
fury1d9pcgcunyghapt4e0agj66yj5qegefps79q8j5, 8125375
fury1d9zu8dpk2dha29pjx7vlpqz2dslxqzn60vxlv0, 287424032
fury1da85gjhaupl8ae7ee66sw9zh585uu9j30xhcew, 27702034
fury1da9mktg8tdxtdlungca2q4zmmgsntsfccxaen4, 9677487
fury1damt355s4kvqtcf4w56p89v5krxlyx5w4qa6rj, 517001
fury1daw2sahp0qcqcccv75p39wccj3guv6hk63ynw8, 1633861
fury1dcr2sh4vtnzrqef2t6x39yu3u0uwxj9zcgyuef, 21398640
fury1de3z7q5tf4lfnuchrcghumnc3cw0q3hhm0dss3, 583560
fury1df9w32jcu23hzd73aq95j9uhynpsrshz3crg83, 133158120
fury1dfg7jytutzzpa4hehgeegw8gydjnww8hdp9spt, 973378
fury1dhwc73cg89f05wn8e49yc4nnr39ymn07u7yp38, 14771054
fury1djcjm2qltrg65t0mx9u438yzxn8875mecnww7u, 3744294
fury1dkpc7akx3anmhjymzh5cytzmy4vr3dqdcxas2p, 14795509
fury1dkzs68pzurlzx9qcz8lrkqlzzcw92kj6qgarx7, 404207726
fury1dldahpvpjnpws438aftjjptj7rwdw74mzvv84l, 282628626
fury1dlvduk8gkcgp0sv7vcrrtfphg8lal0rzynqv5v, 1910940
fury1dm2jqsnc45vntgxlh4x0pjx78p25p99gzg6fre, 2557618
fury1dm5wfrlahz40e3u54lr3wlplqj6ad0h97kg7z2, 169124579
fury1dnsk6jw89f2rq676jfz8ua9r89dzlpz3xl5wjr, 1786230
fury1ds7cjh0f3k3zxwjanf6qtqz8zhg6m6e4n5sf6v, 404839821
fury1dsald76rcjuw39llj56q3uxwak3j53qvg0cu63, 9000504
fury1dsnetu4t7q3y92p2sf2tlly4a3xh0yjxj3l2vt, 21612908
fury1dt3dt2wsrwatwxj5raacsu455ag4dtyf8hsh42, 3214751
fury1dt6pav926rfs5tyfgpq85dgr8xd7awnvcss9cw, 345113
fury1dth49y4l3pp7l4h600klqdr9cnyegc5rndhape, 37137480
fury1dtknvzmam8z0gal683pumydcuw5zrv8st4sazs, 494727846
fury1dtlh2ruun5lnyqjswlcn5w2el0xwn5nq9mm3y3, 17565401
fury1duh4r5397e0uk59duchwamdyheeaeac36ve9ks, 6811657
fury1dv0rc8f4as0vk8jvtkxfur2cwj7h7wzsvd8cpe, 19136178
fury1dv3v662kd3pp6pxfagck4zyysas82adskc94h5, 5962470
fury1dw4lc4zs66zvgayaxer5fk9t956ms9fq4l7lj5, 5977612
fury1dwzxaessw2fpvfzyh4wp7kgmgcfgeqthzkg5r2, 229613044
fury1dy6c2gvg0802ujsnkhcg3f0vuvqwypu3j268sv, 16280975
fury1e0d0daqr34t7kgdumgrlrwf7xye9alqfzp6lng, 710328327
fury1e0sahhzapkfeytu2uklcgfa3q8j9kws3pzr90a, 1049478
fury1e4de2w6322gymma99zw7tl7tasr8ly2s4wa6lm, 8386253
fury1e4ktt07t0pqn0q7fukmlqz87nqhan3jgj2k70z, 1621356
fury1e60g9rekrcl9x4ghsz208m46zlfc9kl7dcwcls, 50979033
fury1e6zdjcj3wry34hns4pw9hvse7xcv9mmtktmsu6, 34012345
fury1e785vz2yajydkvx409cplj6kg939d5mmatyhek, 53397037
fury1e78zc77jlwtzulvupvun55vhvm0ruzdgwu9m6q, 24986900
fury1e8238v24qccht9mqc2w0r4luq462yxtttx090p, 7202912
fury1e88ya370jh3jgzl7z0tkmut3smvgcz7ykl409q, 817842
fury1e8dk2324fh7dt4lt7e4fukm8edmj0f2he25re5, 4494844
fury1e9ay5mtaf82l00vlhj4pkpqrvxe3cu3jpgxalu, 3762531
fury1e9gyenmtlrusl9af67mfd9tpplckzmsl6fl5rd, 17831809
fury1e9hr3fnf749sv40yge30dcz2jxrrwh9ltxs39r, 18378980
fury1ea4wxmfqtedgvnpx6hju5qcmuqspht9c2tln27, 47894
fury1eace64sl5wyjctlw8aekr5wdtnwvv7ep5gwe3t, 82259519
fury1ec5yt8s9kxk8zun6v0vzl9nrx0w3znehwfn5h4, 9673751
fury1eff0rr0ptx4hvc3cnwvm5wween82pe4hq7xunk, 74348486
fury1egurc9ulnjsdxtejrlkw4tqcg200fj03t09yr7, 17593376
fury1eh5mwu044gd5ntkkc2xgfg8247mgc56fh2dhhd, 441982270
fury1ehjxnjxuzvwvlwtc0a7vfq9snadldp6eut0c6r, 12876642
fury1ek4v0v8cerwtgvz4ht0nt80fgzpagp8t3gvhs2, 1406077
fury1elcpqhr4t53fkg4ae6r7g8c84f54rgd5njgehc, 145872552
fury1emj5gu2uq0pr5ce49d6eaykh9msk3t06xcatle, 46938986
fury1en6pdffehr8l7h6cq97nv4en9q7j2wvt9m253c, 4024871
fury1ensjmhuu0hnjajxfw8mkzznfja973p6k5uv2ta, 3278421
fury1ep6h8wpy348qx8rq8vcmep0dctl9epgyyuhqjw, 2615375
fury1etp0xd4xwma5xcchjx6l2dmmxu2nk64ur8p7uc, 117545
fury1eu6yf2wjl45qqk4qyj9u9eruy78dk7wg674nvv, 63808550
fury1ev9q2wmk8prqykjgsrncl52nxwyq0ku6x7g9lr, 19989944
fury1ew6rrdmz9vngmm44rjtpv8gd0gt8c96q073r95, 13633739
fury1ewmayyze0svkhhsq7gs5yc9gv8uezn3t0gsenr, 1532478831
fury1ewx2yh0ukm6835yk8fml5rnlzlzev6q2uaetj2, 149669
fury1exatcux26nvdhj40eu23keqlzfy9ksljzyy4hy, 631372197
fury1exgtvqne7kq4nt2dgwv9hwc8q9spdkn3vwv3ul, 5461318
fury1exv9vd7mf2wme3stntvdnklx9kgph2ktv8q07r, 12003730
fury1ey0zj32ytc0lupnadrfywk9ajy3rlpv7xxgz5r, 696677
fury1ey5xhfmeaywjg6fdz9nxr370gauyfmwm4n0pue, 440459
fury1eyzg2lrflnphdxmrpty5ape5mlhk8tscajgwgf, 242865271
fury1ezsukd5u8w92uxhtktdmamzvm7zm5yl4fs9l6s, 2769178
fury1f0aj02e28rshw4gfrtraf6zt8jv2mlz0s09zlr, 77295285
fury1f0tk6em0qlfk698d0c5fs20h9x7wcuq0x2myax, 20332194
fury1f2d6773hr7n58ut5e5gawf58k5f9lztqrlk4vc, 3486649
fury1f2gsuwq96przks273dkglrjwutxy36dpe8syyn, 132785075
fury1f3fzm6qfs4zzzn64yx4z36pqw5pepqnjxskm7p, 3004402
fury1f4g5htvcjpzwgkugjt54yd8ghzscfyqyvpu444, 631363252
fury1f4hmea7xdje20zcqtsrll2kzkgrwcmyunh5w4s, 28280437
fury1f4l7jdcyfvs99h2sm8gvsankj9z770gpw3lp02, 166808
fury1f4n4a3xyun8ntgk9skh50t2l884vfyejh8rkl4, 280467
fury1f7653xmmtk6c5ph8va37juwfzxdfcfw0y6e4fw, 11536072
fury1f8hl8qhlvn0ecnaa7n6cjpq6nledc6zwdq229h, 79346
fury1f95dmun7ldnyzymrja6qjy063nfug0kzqdynvn, 283971853
fury1f9lrxfv5ut7jv7058ugeg043fx60wqtj23fepp, 165514
fury1f9ndy27yw72ekpftt66qcckhnrp66alxtehzfs, 17979910
fury1f9z23sv7l42uequk4p03egyftl59f2vu5fktxd, 13651048
fury1fcwuuev5nnu3jeckykjnn6tp0vre3uu7g7vsry, 11564306
fury1fcyx472u3r2cg90zufv9pludp8r6scfwvp7uyf, 898172756
fury1fd2hlkk8mz4j3stjd0vv894evxhmq0fk63kq44, 14597515
fury1fdwa37j7lmu6laulptekcqqfvsv9203krm9u06, 5226593
fury1fe4zn60w3l3g2zt8u6wlcrr50c04g5r2zgtkdd, 11193011
fury1fe8cs9dv33ugc4g8ea9nlednrkyd9urqf0x454, 60353478
fury1fg8dw8fe7hl69492a6hlsgvakqr58trutvmmh5, 33185568
fury1fgervmzxekh0zc0jpr40rutv8hdlymcjgzh33a, 37760060
fury1fgp63yvl8t6s3gu2llj5tmgsa2nx66tj4v3jp0, 168164
fury1fhs7zcam0v7wrufcprhy2msa2pt890lll5nvxe, 5256727
fury1fhwcyxx2lgefnslf0prm53k93qxsef6u55serd, 98126
fury1fjsc2cdqwvw0aw533cfl76uthzwem8akhng962, 81603644
fury1fkyvccs92hsrflefg9u030xpq7gflr969wnpyf, 5148134
fury1fn83fg7f0m4xxlv9e6ljk3m7f44caujhdztekj, 18246471
fury1fnceprueluwjslqx8gt45azrq0plznkem4vqys, 5546733
fury1fp2ph05q34ed4q5tppurenh3as6r6dfkqq7y39, 70944833
fury1fqj5rd8gmr35tck9cfqg5d395rumk87jrquyun, 8001171
fury1fr4aymj2294ak7t80d5gdptgkm8mffhk4pwdsq, 801980
fury1frc266qg9vdyyfegekxqfmvlxpkq9thhjfmf99, 55292921
fury1frrh8gxt8dz4tn9trqrhptv4sl4rq9qe8fjuaj, 118892
fury1fs22nr5k395jl3jhs7he0fwj22velneuupyeew, 956387
fury1fs67g6a7jdf4u6lkhyuwwlyyf9dw8ljt6tp7cx, 15848945
fury1fsclv2hq9vf2jw8dv5wrffprh5ga623m7nw7ae, 2360746
fury1ft9lpn9uazkvhpkgd0l0uys0arftxkpd0xessr, 23002066
fury1ftvh98sddf6q9jzqtfk7xa4y9hkqc8lc03hcr6, 13320322
fury1fugqgctvwvnfa92hsj8p2c2nxfe8q9rlp3p9mh, 536819
fury1fvjxv0eh4yljed6fs2kvt3ys7d0l3s4txzc0yl, 21669097
fury1fvx3p6jsajycmc3xr9te5d3kzdyr6jvm660dq6, 7125129
fury1fwqw7sl60p0qz9nzefuejl8z69jdvlce6r7gwf, 1868077
fury1fz3n5x4hxf2y35xgxgzq3f76mx0cjv7mf56z3x, 2877979
fury1g0hpuuquyk3t2hgtm74336jvpy6ssue7lkk4zd, 107904
fury1g3v3whqk4n34d70qz5yz0c9tjqyr5wes9yk5h3, 11713425
fury1g4pa7rju0t5lyvws9yl8va4juvyuy78dq97h87, 1240706
fury1g5435cjhlm4s2nlmwln6ess9x4lc4qgdejg9v4, 884989942
fury1g695kg3y789klma049kqq5ggdfkqusq4jpzqkr, 181841310
fury1g6ydsj9ynpj872h3lfx8v9yhad4p8d9ndgnkhg, 8178741
fury1g8ctqa5jfp253knh4nnjwy4aw0g4h5wwn8qnum, 3660764
fury1g8gsfpnr9vazqhu8w63d0ag37pqqshj6sahsyj, 75319385
fury1g93ux6aj97ny7dh6g3u3eerv9nnvlh0dyz546x, 117486178
fury1g9afvtj77v2wj28qqqkpxpvfzfkzauzdwalmvw, 22115606
fury1g9fvvvun0vk3744zdvgqz28yyhk2y9any4wwev, 141811
fury1g9hwpaxe3n2wnuzedr8ala3sknwkygr8feqk2c, 102689882
fury1gakeuauc2akv9rs0c3ezws3qa46hhuj4ycl759, 9067850
fury1gdv7kzg2lvx6k5w6nxq84q8r9z2ujpvela2c95, 154805219
fury1gekvlkr4n9ndl8u4p30xg2lw392pccc7ade8er, 164775
fury1gemjs2khq8y6l0v29vv0mkalqt4dvge6krfmuw, 21077385
fury1gep2fqxax0e8m6aqfdu5vrhuvrjys7q62djzs6, 14555014
fury1gf5lfrstxcv8764x35360tmf62d0gewzqhudsr, 129209682
fury1ggtq2x4ve9erkjdn0w39mc6kkac63pjsfr6pt6, 14237351
fury1gh6v60gqkwh3h6fwc50ra7n7t0cf9zr43xsakm, 6932175
fury1gha704mn5ym5yecf3ypzj79zt622f765ku6ecq, 818050806
fury1gk6h6lswwqer8ulfgfvy64nj0p42xd9ddks59d, 4593033
fury1gkane59uzqanlwypwx498uy7dnxu4r7pzruv33, 3188556
fury1glkdcp2cvurp270as600pgz5k30jwwkg7mg0ew, 648712
fury1gnfqundmu8pzxh52g6ula38pdmghn6mmlhm7wj, 3739064
fury1gp8hlkn9q0r6fy46c3pr4qdpfe8eyspqacadtt, 238164
fury1gq6pd9q8px97720arytdngc7zhyrxp4x9gpuu6, 778702
fury1gsvelh3khvamxt3vatm65dsqeug78tn3s552yu, 10551422
fury1guxkp54us3e6zlm27umfrtzmv6rnn5fc2md3lz, 75796740
fury1gv2qet2fjm4jgjn0tqdau7467wla9uu299l4fg, 44880018
fury1gw6yu9jetj2vrht8qrf9wmpjdq4weueef86ew4, 17200
fury1gwg36krlsq8ka384xnsfn7twtl504fhz0k9lvk, 641103
fury1gwk3r3zrnfxcasat9xapyua0prsvmfvxmef4me, 38536444
fury1gwnavnyf36sm2lzkt767qngzqau8y3trxy3d9e, 1792234
fury1gwnfjj65zhxmtnpxzy625cpx692lfjuwgyj9de, 5527816
fury1gxg4q3djg6xyf5g0y2lxz84t6cuja342vej0le, 149741
fury1gxr53f9jx5cxn3dmkzr2eq93g05yey308t93uz, 1302626
fury1gy0nyn2hscxxayj2pdyu8axmfvv75nnv4lazh2, 312220
fury1gyatgf0cf3w87yqq239sqqlvk9l7hm2n9897fv, 13052275
fury1gzc54u4p67hh9r4m9vcml3ke9fc29tplqjqtfe, 7442
fury1h0aht7sz935a5rhlahm42uygkmnanp6320sl6j, 17141965746
fury1h2n5m5yzfd33yz7eypjjkadskhv58d4uvnckuy, 675661795
fury1h35xrvws8e7yxecncv0qgvyquhcfemz867rnh2, 15417330
fury1h3a6jr6xfdzamcjsnt5x98zfq0ujv7dm5ldq47, 640913
fury1h53dkxsa5j8ukzh4d0ucehqfr7dvs9an44skdv, 74781963
fury1h7lgew3up4vpq2lvy4a6dma3d6zj5wqwz0mrfg, 1750695
fury1h7uhvudeysg520f7nqfcw55rkzxxvhvldc8xsy, 31889208
fury1h8937qpyt7fpqeehtzyw5t06uuujqg82462kzs, 2373321
fury1h8xv77np3p0evs043vcxnpmh5gdjnnhqtw0ckc, 17710276
fury1h97g0vka07m3ntzr4s85xwpzpeszxp4hjk0ft0, 10531910
fury1h9ka5w6lqdfjlr2cykypg60w0z9cdups5y03sh, 105551
fury1h9v9er46xw46r3mmptywt2r46snz403ptkyuen, 362477217
fury1ham5qwp4hks56zv587y24new7ap0md5s75xrdd, 8249860896
fury1hc5ggmaw5v0dp7wust48zskmlr4t833lh9z2p9, 590370
fury1hdehvekr272dgs33u7sz5vxwc205p7f9dg604t, 39685776
fury1hf3j3h8p8gmlxqa6e7ewca4cw3gemme32ww0h0, 64066395
fury1hgmj0lkzjh47cc57fmhlcpu8rfqxq0p4mee4fx, 127356
fury1hjct6q7npsspsg3dgvzk3sdf89spmlpfcv8p63, 1704637275
fury1hjuhwywq754h0lakl0g7x00mvjqxf52n0nna69, 52297129
fury1hkthq04278pj5cqt7tsle4shs2hhlee4qw9he5, 20095093
fury1hl3m8258hwqm3luypmd24z63u5u8gsp3ph9rwh, 17135473
fury1hl3nnq652mqfsjde3gccg4r80r2xjgvt47t3c9, 8155753
fury1hmejnkas8a94vhhp0z6cmjpkzzytccv8dgzw7l, 33219357
fury1hnuraumtjc0djml2p6kxttstd6xhdn6rncehl9, 20281047
fury1hr4r2tflx5aahspfkqd32qmtt2nejxxl2nh9nk, 33821600
fury1hrjtw846eqqrxa5cvk2zye8qyapgcrnmemqpjh, 104859602
fury1hsym9q72n4tvm3e5tz8l3ua5jg30mwrs795d0y, 8652450
fury1ht9h3m4hz7ndx05nt48hrdwm5nslh2mav6uf7z, 90661567
fury1htcn3e2e8a2fezukmf4g777cg0e24jleyh9685, 1012533
fury1htcwl6xfvndklwyp9skrr4npp8sdd35xm9ynnh, 4891194
fury1hucfq986ef9p48nhnwgll2zm4gzfxkjng886qk, 27646065
fury1hvasg0mmjkvf5r60shtjruapxu2vzcrw84snqx, 1510824
fury1hvy78hxnd2z9ycsc9t83a9k90zdyvp55j8mvdq, 885463
fury1hwuvhvgpga8n7p3tdfductq23aegnge7cmh5as, 28874830
fury1hy0c4avrz096xg4hhqrt9f67hcgmra640qhwvp, 600379
fury1hzvxyyz3c5cqkly8k3eruxzt2hu6fa9k2ut33s, 6728359
fury1j00pgyqpx2wzlg59vtut0ndrd65q7z44fluasy, 2105876
fury1j0la73jh985jpt55xnh4ffv88t7lzpg0nsh0jn, 800204
fury1j0utqnwwypa5aal9g6srtny6vsuqk3lfk883fx, 661028
fury1j0yd66z8cestmequhfc06853a33du7p94zqdd5, 35253855
fury1j29pf9uamz7c6mgev5p6zjjr3w5m4cjjmjxxee, 243344625
fury1j2u8k7syn437pufe7u8gcs9kudx8ugxvzm0v9d, 14693392
fury1j33jzrm6mrpjd23867q5a8wupg9nascug5c5p4, 129512
fury1j56ey5a62fatxa3tdtvpk5zpg4ylv5u89pme2s, 458338
fury1j5n75yls5aun28eu02w2hdthmtx29pveq05qmc, 7096192
fury1j684gzyusy2k4t60fu4yh0mgg7mxcfwkz9mf57, 101193774
fury1j77jzu68s3nexm2yuxq94jlgnh4gn60j5fyak4, 75587943
fury1j87w0atzwlelkffr7kcvvdk4fzarku6x960dfp, 85764310
fury1j8s87w3fctz7nlcqtkl5clnc805r2404gpa76n, 9158605804
fury1jceysrl6xhns7zxyhfy4q9fa3k0a94dpzqpczc, 5443890
fury1jcy2n57dwag2050tujardzed3dy6ml5042x5ft, 58903734
fury1jdkd57kyj0ps6y8ev2sktxzteavsqzm8qkcq4p, 356773
fury1jdn767m5qwzmqys9q87s77qv3fqjq3kn2eerxa, 20411098
fury1jf5tgakp3s8pk6d5lywzn27f5qpumlazgv9jx8, 8484594
fury1jfa3vw3r50vyww2qwklxqn6qu06d3uf75gqw9x, 235420551
fury1jhd5q4d6v5z3ml5qeprpu4dgk2p9f60964nsp9, 54533594
fury1jhep8fnjdxjsue0mny9q59mdk00athu2fu7yhx, 14075053
fury1jjkphvaya38w205r9f0lu860hay25j7h3jrgrs, 33935977
fury1jlzfx7qcz7t47htgxgyfhh2a3zga4lrjcczyh8, 112551416
fury1jmcf5na86q3s7hpvsurj7vce9mh77slprz03k6, 32291461
fury1jmk98l70x9xzl7ju5uqfms3evtkcgn29ex3lpp, 6169944
fury1jn4sj036wrmvv9q06vescr2qx576y5hgkfg4cd, 446796
fury1jncch3pqnsz4pexrhtgt4jtw0gn7j2qlz4kl72, 134553577
fury1jnshptet6chflna8aha2rk90230lylstfexmsd, 9448836
fury1jp0xnftxy5tsc2ddgrvtf3t328kjkrmx8u7ncg, 1692610
fury1jp2c9j2ap28cd7ftzlw2ngf3tfyktzly7zxqpw, 21268320
fury1jp37jn8c6swpz09psmfqh8ja4pwf8nm9shyp94, 2259520850
fury1jq87rqd5dnztwnhaq7n0j9lt387jdxwmgcftud, 2046572
fury1jqpl37rn8xv63apsw47u05evp9g9p34gxf9x74, 13320760
fury1jrlf6r7dz4a7z57uvjpwacfj2dkuf8zn89vfm5, 527755
fury1jrrp96cn3u864s5g5jmpvq2nze2jnamgf4z8de, 8625486
fury1js8ulghdzw3vly4gh43nyluxaw4tt0phnxe7k7, 5588035
fury1jsa3vf8ng7c5wnwkyaslhuskx9trj5zaaek2d8, 601743
fury1jsadfu3nfj83sxqc8at4ppmnkdsm03gl9susd2, 1443142878
fury1jt4lkv67ey7n6jxhn8a0lvqddqmdm96nc78smp, 55813391
fury1ju3k40n7snev9edexzkslwet24acnra4cd953q, 2721105
fury1jurgtpheq6sw59pm2mx8sgm8xtq020cy0qevxs, 113613144
fury1jv3y4mv9kh080m9davaakyrppzckeq9zlgyh26, 19049043
fury1jy9stgfx8unksatrsegm7kqmm7aylwcsly2nmy, 4127317
fury1jynrydx7p784tt927h9pa0hlhlnfvtyl5epcmz, 2150919
fury1k0dksss83h0dyyw2le0hkqmr6y88am8tcrffml, 5068528
fury1k0g7hacqf25ahx75x3p0dqsch73xk4me2a6wn8, 37213
fury1k2mpyhlnamfsveytn009qs7xd6czu84kppnx58, 21448857
fury1k2q49x6t46rvmyvllkl09msnpnf7p5jury54ps, 674756
fury1k32m0rjx3c8nvra3n2acupmn5ersgk8dvtmh8d, 9796704
fury1k3zuqrwkad0kpeh6p9fl7a2nnnevkv95l9cvy2, 44046676
fury1k49luuv6a09542hxyz7e964zz46ka5jthd3cgh, 21202127
fury1k4grw22yucsu8rnycx3mhcds6dkwnwn5h7w3yh, 2309020
fury1k6fv2msgsl5j2tctf0lcjcmmhqz2g5ga26h4uf, 344993
fury1k6q2fr4skw6dwq2s4nw8cquguvsahpdj64v7vn, 120039041
fury1k83wv8wplkakaln3sf25ctd2lhj52md5ryfxyr, 6084814
fury1k8j0q5lrpptneswrld5rltkfq7hgxr7jt3hf4h, 34288062
fury1ka7qn8fwynsdfhj5kegrm8w6vlrtnm9qwyqray, 184248007
fury1kas8xv3rzsvex0txn76mgqa6cm93k6l9f6cfhl, 69685188
fury1kchwdald9h3g2a7kvleufm2sjqp9u703lzxhdq, 12600110
fury1kcpdvvk4eqhrs695thpc6kvc0jqntmurlqjr8v, 6785484
fury1kd6u82y28aegc4srwhqxk4htwgc8xhufmec6pu, 44267786
fury1kdh4vxwx22fjzqx0zwlx73g3587764xvauh48t, 2472125
fury1kelu2qp9nkgzptzhp8nh4m3h4zsxfky8l5ymhk, 18512957
fury1kg99k8wd67r0ffxwavgnxup7yk46rvttn8ftdz, 288978850
fury1kgquh04ffqvadekf6e47070gskm0s0h2j8zygh, 35018665
fury1kj2z2cjvw7kuxpj22ann0s2wmg03a4p5pm70xu, 104223
fury1kka4ydxn3h2wmt023gwllmddzazchn2k5jg7l0, 9542614
fury1kkeyxpjqkc2a7jku3h08s9xxtdhrnm42xy2hxl, 686037
fury1kld4apn7xxrdhzd3wm6htdszdse2evkdr33vxk, 14781961
fury1kljl5qexsmh5x2zasyy0yt3vhc4fqr2pap4nk7, 13739766
fury1km4ce0jeu6xqe0qd0pj22q9k3dzav7nj52ppfj, 1821937
fury1kpa4pkgjcpvjqfv3ptyec52hpumfmytvsyknd9, 12222095
fury1kq04xsze730cypxyfm8vtzaamddjhxheejfvx4, 7631861
fury1kq7npma3q56druf55qcuv69lhgxeyzj0d6z6hc, 10964688
fury1kqtu5swvgzqqe6es7l6sj82swg7g37l5g7ak0k, 13552867
fury1kr50nh6vcxttqcrwhxyffs7mar838n8274pncc, 1201535
fury1krv9mfpdy8l7k33ec0qwjuwf7a35g52axj5uuz, 24859414
fury1ks9x88zah7nu00w3yythclhw5z47jshn64dmme, 317244
fury1kt3l4uvkpmr2qa09xyktsstkgaqa8z4ple7aqu, 252105
fury1ktsjyqvpmvssn4umhg8rhy02dk4j0zed6q2zdr, 59647957
fury1ktvnuysk4lz0westx7wg9q6rggz8e59zesdvxj, 36381801
fury1ku3dvxyqcxu99evmka6kqreckadfxzgn70m4t6, 1116394
fury1kv9e4mm8n7wfrwt6jd7utyrae7ha3rrcq8phd8, 49971110
fury1kvdwyqw38g5ljdgesh6wauchnlv5s6448j2vcn, 2771947
fury1kwrrhkxmlv3l5ntkhg9hx53866x4f2wdmfj0tr, 455127
fury1kwuwr5tp5j3tjv9wyxpwyk0z8ntctmaka2drfg, 117502
fury1kx02jwsul38ydx0luc2xkjelyvez49ty4r99yj, 269330962
fury1kxg3c4suavrnguj0v0ygkyv4hxh5u9njqa2w8n, 75904947
fury1kxp0r30tcssdf520vt6kgvw24e7l8cmntyehxm, 674443
fury1kxuzmuw7ruwruc92g0qpq0qdkpj89mzyanhmzu, 240909418
fury1kyqydg0tmq9ll9yya9vmncyl623mkgx42sw4fj, 2354617
fury1kzdwajr3qdht574g4x46qmsrl3mfua5ch35zas, 876040
fury1kzslqv5llhruarjze8z0m0dwhswkqp0794er3h, 1351288
fury1l0zaezprhjh05v4zjay67ddeqm2hje8al4smsk, 269887
fury1l22dc2vjgrgwl73ef6rl6zp3uwr007ftlgwncx, 121376549
fury1l3mtwzs9fe6xsa6arnqlpjuz9x88zn6puactxd, 353310
fury1l4e9wnvgcn65q9vklq2s9wufpq8et27gl0zsah, 44775
fury1l4x632kpnjxcn6vdt8n7tyty9puufqnxp2cu40, 280578898
fury1l5f025n76cqwzrhxvvg9u2yvd2km0m2k0xge8g, 9253365
fury1l5h8zna0rwy20smjaxfj7hdrtd2atq32jqe6ep, 346854
fury1l5t20aa79agyjz02n7slve08vshn5jn5hapm7v, 109140811
fury1l77pc99nt4ryuk885zukuatgp5v4hf0eyems0n, 1935964
fury1l8tugg79yzphl73yf04ykt0mjcj5agpe7x5ssh, 216329133
fury1la4t7jee73a4zqg9ccs2acjt462qjs5xx5e6q3, 1061671
fury1laajngxl3ppdanmejquf80rpwle0aawne04n9c, 13815628
fury1laqefwck8mkxt44jfn7fnpynfv9f2uty7lalyt, 89293246
fury1lc42h69qpqjvxhlvv40ggztvgfg4eqrepe92kp, 33002117
fury1lcsjy2d5s33h0sddd8lpuqvwyz5ruz7jqzm6zc, 761652513
fury1lf5cpx4eh7zr06v6f63vn5vhx9jy328frrl5wv, 2377781
fury1lg2gjke0u9uag4hqh27675ju2489f5ljt7ansc, 1760671276
fury1lh7d4ft4fcy78y7j55narzuy5l6hz0gnk0tepe, 20320486
fury1lh8lw6zp2hjcmx0s9pkl38j36mqk6tff0hd065, 18916657
fury1lhp6gawnvngwdzwsk5cqmp9ad97vwahp5wdz8x, 1739354
fury1llxjmggmyqgqp47u3x9s24xlg5l7c65p66wwec, 84733353
fury1lm9u97g8m42m83a7frhcxdhwdxdarez7wf954k, 53107924
fury1lmg3ea6syazpch4fzs4lu903uyzy8k9scmcd76, 2902836
fury1lmmlnaclv76qvrcm9zu6tman7cv3g5ddrmdu65, 69565
fury1lmpnmg05ny7hsu9tmn854lhgtlxl2ucxeu2yr5, 194675
fury1lmr3eytr6szp8ms00ck2mz3dmjwcz8zmmdgfll, 12623061
fury1ln275wyeypycg344u4mt603gsxkfnn6e8s2t55, 3238852
fury1lp8ve37va9dfsn220c9y4shycv7w2vtrvfl8pa, 7548007
fury1lpmwjpvzwyzpw9gww4c0wa3yga9yt0f2f874ph, 5840271
fury1lpygsj0j2ahyshx5fm5ucy4dmw94lraf7wqjrw, 41552380
fury1lqallsn9awysnu57f36q3yj3r6h5g5qx6qrcmc, 9589164
fury1lr34wy965xkawcawnrpvxykp36ua0q0z7tudzk, 2567538
fury1lrxunkhaykgfj0lflf98d09cmxg68h6adyn67e, 11293278154
fury1lscfd0unf4wp5f4tnqs5jz6gks49764sfk86tj, 19464977
fury1lspy7yu506jz2qa0npwuut22qayde49ugkgsz6, 22054151
fury1lsrnfj9r268lsmusu3k5hu0mvwlggsmxm539ln, 19239383
fury1lt3zkefmj9y3w06ca30fpnnx94gxk4p328eg5x, 7859323
fury1lt83tymrlkcg7jtfrzv5370z9uthttpv8zua73, 2199656419
fury1lu9xupr2zkcfk79m9hmfh9e5pa8q9j5m8z6kly, 940135
fury1lucch767n6ykc6n087zxgpxph8xhkrj26yujw2, 79375180
fury1lujrdh66jk9fqp9lrdu2va7t5sl0net0nrfuhy, 3144033
fury1lv64h29wzuv4z2zy7mpgz73k40qkr53zje436p, 2534102
fury1lvzylagfa3ld3tqjvn8af7ce00s5qhwp0tdrn6, 1621829
fury1lwkr9wpm35e93tnjj9awhhph0p6620n02va80t, 62803
fury1lymp5qfmz2yf9caq9u3k0a9dk0pv2tjtc8ps2l, 45242143
fury1m0ggetzvcqueeahh2gr2vukqujkqea6c22s4gw, 1592519
fury1m0llhuarvdx8ejcacne8cgwqwdp7hqd24qakv5, 71344886
fury1m0t6a2a7jr454dfx3p50au6d4wh6mezfvpc25m, 105835670
fury1m0xhut9pkw084dd7cyayezypdx6z3s28g836u8, 32122494082
fury1m0zndpgewmsyeht79kcnm7993aa020s740xdlr, 37466099
fury1m2yttzm3vjckhgqzrkgkxmh2cgtl25hel0v0nt, 2816012
fury1m3567wl3jl0dwvm5m3et07hwmg83vvn8rnemdp, 1860865
fury1m3flfqhj8tc66cdwsdkvp65nxe6fc4ckqhvj92, 1410555
fury1m3lvlydlu3mqv7z9xgtqjplcx20yc3lm7pmp5y, 691095481
fury1m5agqwqfamfyy5ul0v0pqtndtey5ype4azpcgg, 11163940
fury1m5dfxd37j9t704cd3vj3fm5dx0udlwtqwhpw8z, 326918
fury1m7jh3hgvhc9epww7grdezdlduw4gnvcacc50qe, 1371059
fury1m94lfs4vsgq2k90rv36vy8h7mefhpqpg3knrdp, 12214142
fury1m9dwd037y7ma059xsnzwey92xk3v8jmyv8uua8, 53275615
fury1m9v8y2q0m8jmqnwnh30f70h4fr0f9ruz7m4a0e, 54808016
fury1m9wceej5mcfv33uvczvjn07hay9za7qpvq6uf9, 153689793
fury1mau5ymx7k80ca69wuaj5l395lkl346flypl5d8, 926069
fury1mcw7gm79jnl46qevz9l9egq4epwdvyhzsnvhan, 2403968
fury1mddqk7uetlfq64r59kn4uhwlxyz9985er7zmkw, 51585539
fury1me6xrxj80cp4smrmy2mwaan67spnsen9qy0ym6, 121760962
fury1mef4d6l7ajxl4k2r4yf54xy7v50x979up26g50, 1552804
fury1mjh302e4r4wdw4whx8z67n8s6cmw0ga7pus608, 295236313
fury1mk6rwlq7mv3gkywvmznpzz8z2w0x5ht29a46gh, 445786
fury1mkjcsmard8jf6wmnf5q54yavqqt4hv6lmc4gef, 6165246
fury1ml8lwlj6xnwj7ee0qjgegndgx6km593g8xhrce, 1166885
fury1mm8huzhpk5tx5vgj877zse37c2zdymzlnrqy5y, 4515925
fury1mq0md205zymex9nuxmvjkjex6rkwpqmvcg68lh, 8166198
fury1mqec4rsy2ez6475x6e86k7045ks26hygsp8yft, 168831
fury1mqm9k0rq7mh62va3p3p4qcepqerp88532m8qxs, 5302246080
fury1mr8zwycld5he25rjysjukndzkahnkehvkm2t5c, 2282359
fury1mtq24m9c65czcx6qhrp2f2vqd3uw56m7w77x7g, 333541136
fury1mttae9979xds4k8d0ejamp7uqczhg4k9kgmcm3, 168791
fury1mukf8rml99gzff89tnm6fwf59cseufrpdwhzsx, 93317511
fury1mv77pg67j43rz2yfm9u6s9s27ujjplsnx05z27, 1201865
fury1mxlr7up99ukuwj3frr56qwamqqx7p0grkcgc37, 5485591
fury1mxtepzwtdtvq3agfzwk960g5ypkfex340gudxu, 846195459
fury1my4sez782qsn9uhfsd3zwrxcwzc8dx60y8qp6e, 105102780
fury1mygm93vzdhmcgxn59m8vjcm22w2uzkxmd8ykaf, 105739237
fury1myued0sgheqtvd745hkaympfk9d5mm2ztn4a8f, 1293754
fury1mzk5077xzm36cw4wjzqesw0nf9udl52cfaf9yq, 12302299
fury1n0rmnlk40yes6d7syr4alzah0hw46aptt8mrn4, 19681713
fury1n0yex58ac5nnnawx5cjzs0k6rtyutx8f87s05a, 12761893
fury1n3mhyp9fvcmuu8l0q8qvjy07x0rql8q40kyse2, 3622567471
fury1n3xvxa5edy9upgar5yksnx7crnmk33dx2ey3cj, 48777303563
fury1n4a7szqm4gu0xegntwy245fjq8tlfh4v9kvapy, 9111596
fury1n4ldju4nd65uac55mtyqhppk9zxmxj4qj8lacs, 47872161
fury1n4rw4wnrxel26qs3t23xjq0fpne47gz9plu85f, 408331
fury1n5lkxn6v9dar46gt5dva8lwel4zjwqr3n3wuu0, 302297464
fury1n5qc5ls7ppjteu9wg6h6hyw2ppv5tqqawghn55, 28092920
fury1n6en8hcmakr0gh97lqc8scmpfkzg3kpz00qqk0, 84182
fury1n6uyhxfuzr8tax5hwaqlc0gyuuvgx9gj0w6qfj, 97513191
fury1n847arrmk4hp3weaxwczmelxlajjvj2smjushx, 61367331
fury1n888kwezl5nu6s8zkva89sfftng04ded54x7mn, 7426441
fury1n90kdjauzpq6nchlklpq445dednjsq6a5t3jrq, 8108077
fury1n96felcezw69kzzjvl98knxgejx65a4rxgngz5, 443580
fury1na45quuuzuv5xtzl5qqp9zep9rkluqykgjjuez, 461157495
fury1naj43r06saf289d5e0lj0p267zahurahpn9xkn, 95740686
fury1nawnt9amck3cllmwyqhkp93qfvjr2qzuxkvd5a, 43193527
fury1ncg4h3vhcdl5cx8xugee5x508glugww3qestqa, 1896710
fury1ncu32g0lzhk0epzdar7smd3qv9da2n8w7ljg6u, 9488160
fury1nd0kzuaxycx9wuunmp4ph96607st9m79kzcnxe, 1159444341
fury1ne82x68h2pvze3tftmyzz7dpx4wknr0gykmdag, 54632420
fury1neaxf5fcn8cm0xarayfh7lak832hng39u26zw6, 4044396
fury1ngqzez7sexvxugw647nqyxmsyc9a8ve4ehdaas, 4324835
fury1nhfpuvxupt544sjxrzwmjdk0un9p8385ngdpe0, 248627652
fury1nj4adtasteu0qwmr3r54vt3lav5z8s6n2pgkgz, 10756818
fury1njjlfh5q9j7vla8l76frr7zed22w8zfjevmzyp, 50702128
fury1nk4524nlhl5ztaawk8q7680fv945qwdshtr5h5, 2140133
fury1nl5aq5ymr5403hkx0u2t6vaxhkmqgt3ru0vu4g, 53939599
fury1nlcs5fj58eg4xhz6d3j8aj2wlflt0hv3edva0z, 14934466
fury1nldqrt3w8d7p7d5a7lkcgdzsraauekjemqwark, 3630412950
fury1nmk026s0n8mpty8ahghhxqt596hvf8kagxepux, 2194143
fury1nn2vd75r752x9vwm38ldy0uxyj6rqvlat5282y, 6988857
fury1nnzrx2agam306cm5tjjsc2hth2wy3gnrftdzxw, 24563557
fury1nq4lxjwxc360ucmak4vd40fw600n4aa5fnay8l, 2500784
fury1nq5z540epwch96apzzfl3s27rx2y79hdqvez6n, 7442
fury1nq6kwvunawy7cd4q4993qgj49excfs4tmu8tnv, 13823777
fury1nsacdaz0trv6g43eqqkjwqns49mxt7mylgwsxm, 162566018
fury1nt30rgjsx7kd8gfye9030ulu805heup6n9cav0, 13700554
fury1nuq0ldcrqj5k7kjjlspekzld8gaeek0f0d53x0, 162355
fury1nutlzta39x0e2z6vmz7jtf6zylrtm92zf9w907, 168921
fury1nvpgw27cn6xpj90xqmwgpdpluj0hyy9x97azcx, 1191860
fury1nvr4q6tjz983hmy8ax3hcsplkehjww3dscmrc0, 70246164
fury1nvwt0jcghgp3zgh8lm8f0sherz9ke2xr8tsw8x, 100372537
fury1nw2um0sgpfdvnsdyrmclzf98w08rc2afx5j8qv, 2929047
fury1nyyyc6th58shll5qyt9x6zuntvptqdg9wssads, 12405993
fury1nzd8jnu69w8eux3dcg4axxyarm7age86sgm2mx, 1223966565
fury1nzg3xkmpv7s7ea3uq6ueegg0zzncz9rxnhx3pz, 9243973
fury1nzn5exnnwm2qxvvev2a4mtqvphy9g2kkwvqhg2, 5297986
fury1p2lzez8xgur2c64hrh80et32jv26fa2lg3j5fu, 7337495
fury1p34qc635jdtfyl49smxslu304xv8kdavcxyjgz, 172290614
fury1p3ng7hmzgq5hjyvgxu7mane94ymemdvvl800mw, 14247070
fury1p3vqkhvpac2g6sntr4s3xgr48e368g3ml9cjum, 98426878
fury1p4e6fdztuwz8ukctfg7hxth0x5rump936je8nq, 28977374
fury1p4jetfh5kg03z40f030t7kh5ywk38pdmu69er7, 547966502
fury1p4tmpaltclnd7uatd7che26k6vcc9y5q5r7k9w, 669098141
fury1p7gjw5l80mvv2h867vj7ugpawx7p8y34rq7vzu, 616378698
fury1p8ag0scpglkeq27673ljrah3nd6lelftfl6fpj, 295489
fury1p8zm80ccfxgcwf3262uqw3ka39x6kxtaff2960, 3001640
fury1p9kqejdvjpql8spman55emr7e4f5srkxq9hc9d, 22618068
fury1p9nssk0uk34u5q0jxw8ewwtayn2ukkl5sldxzr, 34411293
fury1pd5v3d5mx52634y5vu3fxy8k5380fenfdhg25m, 6950721
fury1pelvdpve7u40egzek0t5nylz6whh7d5r4tvjup, 23817382
fury1peq96jqmp9anxft7plu9qp4cpz4yr2k2jnrg9e, 10028729
fury1pfsmlav60zxplnn4wm5ujxh26yuwd55qararwa, 116483
fury1pg4qlcjrfrj5wg52hgrc9jwlu662dpwjkuwqgg, 859157
fury1pgau0y96k6y2j2493rmq0f290vwj8ekxuaf3f0, 103362275
fury1pgl9g5yqzzf9r26elw2jfa78lt48u8dsm3lfjl, 3383681
fury1ph7gwddzsmcvlv5nn6fn9qpg3q7vewldnkc9h7, 8734970
fury1phamwj2vttv7sz5xafk435a8c5gsa62v2xh7ge, 325389
fury1phllnfhsya5vd2najn0nqy9nycqdl3hpkwv4cv, 6044307
fury1phrw03kmjl34pjkvv5zl5lrskhdp6374egr850, 62141927
fury1pj9e89gc8dkvv72wh5qdsxwrnwzev8tvhuvfzv, 79866149
fury1pjw44hj9473lu06c85uvmzed93n88nazz55f70, 17651877
fury1pkdwl6nhzju4xg2ca5l7yavj5z9yp9k76u26c4, 297705
fury1pl0slvr8xg82l6ltd3jjnf6m38teqzahvw5gzz, 6737300
fury1plt0hqnjktrc0c3yn5ru262ysrj7ulr7qdkhlf, 48717542
fury1pm5ydckat3hl6vnra576dj0cdsck90hftn7l8y, 8271320
fury1pms9ftyy8uh47qj2s8evwqnfg7sfqz9vqqyc70, 1823323
fury1pne2ccrqeh36ap3yfv4j38pk760xxpvzurhpx7, 5778721
fury1ppcq0zdg0scgh9hwpa0x9p3084klfg5ne6j9wt, 27860013
fury1pq6wqm4kh6j6c3lz8zg0se5zug9fwk9udhspcy, 168048
fury1pqh9dn3h846l3xm7l9hmte0ja7tk475xpyky23, 2924955
fury1pqvrcfezrjvhgnuya089p9z6xc877y5ts9pmcr, 76897
fury1ptsyy0nev6cd0yjac82rhhn7w782pe7407c0k9, 1443206
fury1ptyzewnns2kn37ewtmv6ppsvhdnmeapv7k9lmg, 1869261605
fury1puc2nzm2dnjjdfffcm822eqytvxhljwwx50ykh, 6875610
fury1puqplfy7kt28nveyrtexetsatwwf9r06kez69a, 1080567
fury1pv03yz7y7atd72xtzzpyfqy8w3eu5rwvvzwfnq, 274032
fury1pvwussxtdv2m2cutv8atgpy40e7g947ulk02sm, 1233253245
fury1pwt5yjn0jc73ssnkvp6v2ctkc376pcp0zcuegy, 445121
fury1pwtcjyhkzl776y06nxcqn329n2qn7dzk5yvcd6, 5180773
fury1pxf0e27vfamy4petcatnaupndrzurt7z4mez4a, 1389270
fury1q0ayld7t4vq9rg6mmjx64pr7dc99l677ys6eey, 2894405
fury1q2ajpdysq8g4lswr9erm68862ynpv7cx8g6sek, 907598
fury1q3hzu899dg2azzxnhhpdpmk5v007mk8extd83h, 56092152
fury1q4aw0vtcydtn7lqmkfprm4ncmr4jdj70w3jwyj, 14527164
fury1q4wh6n5l8lqne50tqjuessku3aqfa0dyemv8zy, 848329759
fury1q5fzctu4wvl3jslsg23ssszqgg9whs9crufrvx, 96341999
fury1q629ypkut4ydhd0ax39q6vghnla2sga22n00r8, 340941
fury1q6n7txczsguh36sfgpsxyummdlar9fh83u45d2, 12074552
fury1q6y0uzzkm3nue956gwyg4ey73smzp00l09l805, 2841317
fury1q8grt4gyygc43ges0r63vyj0u7lfuhqptamf0t, 32766017
fury1q97kch4xqsv28guyu662lnk42zv6pyjpt5v5hy, 923979
fury1q9x9twcjnaazv6h9mv4lp9arh496k4exw4msd2, 5720244
fury1qd463kzgk73cpk9ywl3jhvn4v4uwlwd3eu339n, 30354471
fury1qesvqsqyz9jtm4dwd9x9jtcp6zx4xedt7s4hqj, 5437210
fury1qg4xepdngw6hg79m7fstyuenv4kfyf8mud7zus, 1691134
fury1qg6fk9s7cq2vp53v75lvnc2ngp8e8nunw2raws, 5140547
fury1qggcs5x7cu0xsdry24ms5k5zpka63vtskrdgld, 1352029990
fury1qhsp653fupkz0caf0jq9h278630zmc5tty6j8r, 3123162
fury1qhyxggekzxq6882q86zgnha2jmr7zhh8475mlz, 134837368
fury1qj7nm3gxxypwqp5lvrjg27jc7tlhlys756m630, 230691710
fury1qjrzy8grgc044pxxykhfkhvzvhr7c32u7t970n, 8991334
fury1qjszucl3nx7y2nsyjfekpuhw7d90kchtlr9uhh, 18356351
fury1qjxnwfnfzru3q4d3x7eg7hzg2wex88xkjs8kwy, 4398821
fury1qld0xhe0g8dc5xzr0p5lktk98y2086uyf2xth8, 56935900
fury1qlfgdaf734lmw3lfnkky9pcnj88809kjh5n3t4, 24033408
fury1qm9su76qg3nck0sfpvvckzwftf9t3l2q4yayfv, 6220338
fury1qmh6n68tk9k3csvgnxt43wutzkr098gqqk28ha, 369525
fury1qnsnxhp542yd5z4d43euyedk6dagvh5syrdrs2, 32269327
fury1qp9vtraygwvyt9y2hvp7z9vfrnj6ltphgysjtl, 42218
fury1qpg2942rlm5t98d95eeyhlnnezrtcpy62gces7, 593228051
fury1qps3kdxvyt73s08hgq90kqqareuucy9mx22snr, 196223090
fury1qr7k6n90smcgunnrp3ynyx7g92z0uzsms5d377, 22260943
fury1qrwvjwd0tpaxtmqu6zzduwpt9y4tr9pn6qeu57, 2871906
fury1qsksnh5tvnd4ujrf8q6huw4uehc3npxm7rfr0v, 664968
fury1qtl3p007vd9zz7ws8xj9vyjt5x7elg7cq9kd8u, 8018780
fury1qttmfljc3qcerypthjtxw4a8675xcf9h0crhn4, 1803345
fury1qtuq78h5ufm7d8ryx4d46gyluzfswmkpdhq75a, 4190837
fury1qtxagfqv29pcc4vx4dmnft7xpjlmp9mqt2jwmr, 4547870
fury1qtxvrwewz4fxkn829c4lulyzx63jupgphz59qk, 6745150
fury1qum22vvk82eldgaxahph2cq5yjvw68fquud8h7, 2686769
fury1qup3mt4rsj3rg5kq8a5jhckd48k8gx0vw62vf7, 3665123
fury1qv9x5meurqh8yjflcw7zlax5400422zckhtw6e, 11861103
fury1qw2zs6u32ynmk6f57h93rl0rp9guu92pp55hrp, 4210076
fury1qx46s5gen6c88yaauh9jfttmfgdxnxxsqxusay, 4753921
fury1qx904rd2dq29us26jv4ykzjtkufmn5evdx2vlc, 54281415
fury1qxh8dfj72vymqnqamatdn5e8zmun5ggx9mykcn, 14704665
fury1qxk4rjpd65sjg42j73rlf7c2wx4m2rpm9xlmhs, 3183159
fury1qxnkm93q085tjjghgknjmnrv6rpy8985gk3k03, 13442317
fury1qy4aw8vtlddzt70d7k0rm3mqlpd3zh94l766rn, 55358
fury1qyyqykjmamxdr2m9lvm3r3470s0hcaar89zpma, 4992520
fury1qzkdtxwx3qmqyre5mv37zs7lwnh7pzs2aeyeh9, 1312672
fury1qzql820sp8pgw9cpc4jx34awp4wpwx3w4kz7n7, 149149
fury1qztzc3pze6d3w5cpat4ysqhv46gxqf0he5zlwg, 109544493
fury1r022wq43gl8pc4ftnzsfvvys6tjfr9ktt2543a, 10080545
fury1r08utrq3skg7x20p2kq7ae5gfyltpquqnmg2y5, 20425354
fury1r0a6pwt3gvlzlfjndmrdsxq9qpycj9zzla7kf2, 89088694
fury1r2nujddqfxvw3nuvdfgsnskxgrdhpfz7yk6n4t, 13690263
fury1r2u5q6t6w0wssrk6l66n3t2q3dw2uqnyh0qktt, 10093424405
fury1r2z8gqjsgaeew6qe7wr6py3dp6yuvv6x4nu5hv, 321214
fury1r3p7y3xff4rd22ft25jd86jga85e9zgqky7xd8, 1489211
fury1r3t9vzluwul5vfwwwkg7k6f2ds8m4x8y4xaj56, 612959561
fury1r44yvd95k44spdampthwqjcgpt5mwyyaa7lq9q, 12957296
fury1r4tlmxdv2c42r0z73ndga5ay7h8ut4ex4qfz7q, 2725459
fury1r4yr6hgkv8xcdygvat4vth4mgdzsc9u26wakx8, 9830312
fury1r86xrx2xntnkvm7wt905gugq9pkdlafgh9zets, 60068081
fury1r8he2t2eurm60d2ad45x5xncfv7tt2rlgaysqq, 18676
fury1r8kyvg4me2upnvlk26n2ay0zd5t4jktngc2dea, 458102
fury1r8pmwwnprvykp78ggd45ulecd3puryw57stnks, 137517296
fury1rdk8qx34q55pt3r8m9lsx268zufes8ewr0c94e, 49393610
fury1reqht5gsdlcn64z0gfgtmsffvpqltdjre9r4vz, 184607509
fury1rgdcg53q5cz0tmpfp4q99sdp0fmyr8acanl24t, 75786352
fury1rgxmq24t46lvmuxzxjjajq3en54ls9dl5tfnqt, 10259641
fury1rh544enxsyp8y366q27a9f7fu3dvwz2wskuye9, 141877
fury1rhd7lywrqh6hg9qgmv3xqz3n6np42mj08yh3mq, 10380563
fury1rhkptmwzm277nn9kclx2te7lqtt82xru4ylaqg, 50493814
fury1rhmt4tkm5gfsjgwc7wngfrwh8h3gk6shu0cp82, 45270
fury1rje60n30d0zv4t34kkmauetgff90ly2ulunvlx, 1168054
fury1rjw7jtspkeg3efy52cw84d3z6waheh7w4r026c, 3519968
fury1rlj87qcqf47qv2nve60a28a2x6ue344smugrnz, 21469741
fury1rls4t6vsvyfj3tg9fut8vaxrmtaeeza8c4sjh2, 165455
fury1rmhtxuqdjydxe8egu88xtgk4u8uvnvuhgea80u, 30541081
fury1rmrzxxpphgnzzfgv36lpwfjw84cupsvxwzy7re, 51721867
fury1rn8rf7qnhplcr7nxk0ydg60cmhrc0ymeacrhax, 12062401
fury1rnj7adztyvaz23y9lsrnyuu2z0a2qf372vmcw8, 3114297
fury1rnnuk7rmjwj3ep97s5d0w5ek5che53eksyc73f, 41009356
fury1rp3cfrq55t9qc2p8p3z5mzuy8khtafrwh6yqp0, 21067005
fury1rqj4d2fnna70kvfcn897528alqk0w8ngkdaz8g, 168503
fury1rqqnr9u7fyy8rkks27pezp75x55qampxf4sknx, 1000080
fury1rrn636u3vc3qvuu9lyg8eef7yqemn2t65q4ezy, 932889304
fury1rt4l3rc7garxyasvfud8gnhv0jx6l90jw8crut, 1265133
fury1rtcsf0v9h8tl597g4c0cnxlrz8jh4320kveh4l, 23840027
fury1rwy3ksejz79nvsx3ajqft8twxgtwaadr28lckm, 222859279
fury1rx89p3sqvdn5vvlydqhar6nnxpmwpjrwcwd5xc, 446297241
fury1rxa2rxw5yfauctf3wtqy6ymqxg5srrfmwa2fge, 18162839
fury1rxq3ks8l3867056p34rywdn0y5a3pdtnr2e5m5, 20176462
fury1rymfw64cg4ffkjy8ls8anv3622g4lcgtttdvsk, 194565058
fury1ryu2zpqjyf6zd6cxhlcszrg4ykt5lk2asjuyg8, 4978273
fury1s0d9jvugwshucezw5r7uutw62dvj654y8fjyjx, 116115101
fury1s2kesg2z30v740jhrgk00zmwqd2pnlee7l6tdf, 603494
fury1s3zweq6jhxf072zmnwa536qzcyvlc30r3905nw, 143420625
fury1s43l7s99hx627scn2ldd3ey50qpj9frvhwtehr, 129978371
fury1s4ppa79zwt9n95c75eyve5aetfc2qyg58q3rj5, 6067242
fury1s509h4z7uf9z09ztuz0kezhfry3nt7sqz3t57x, 20678091
fury1s6a7hwcvk2ehsn7xgvfdeaawav4jwdxlhdcccc, 6650238
fury1s70ggmm5pwvdg4nwjr5pvktctjjaeeqykxzu9c, 596885
fury1s76rkc3m82nj6hhwex3crspnfz6s6elw7zupw2, 5368865
fury1s7jnk7t6yqzensdgpvkvkag022udk8424j0h53, 43512750
fury1s85kaf9ptdlxt92c604ehkkyt2fx0xlwgcs2av, 3198037
fury1s98qx5v77d3n4zzpzrd4vuk9pw6axzeech8pnc, 11604961
fury1s9emke67f8ttpn8jmhlp7j72pqld6my86fvslr, 10275669
fury1s9swlylkt5p5zd8588whs7vmrywu2mdjgh0rx5, 9835031
fury1sa4f902fxxm0zlxmw0nus8h8hkanz8yak7vhg9, 32534843
fury1scs8c7g2r4zgp8hce3ft6tnnxgw49w83x3z3u2, 2003943
fury1sczg2yme0p8fr5d36ms75tgz92sg6vwhj2a0vp, 421218595
fury1sd5ussz2curtzslkaxuxq34d973wea3tfcqqkv, 149264
fury1sd85d6kavp3jcweqmre8ex8axwnnd9d7sqml7l, 2521656
fury1sdf80g92at333j0r3hfh3ksuqgpg4f075prz5g, 646996371
fury1sdh526pwzhm0c5n5r6p8gmpnt7798gfggxlw3n, 21513930
fury1sewyua9gwr72zjghm2nvg2k7jyg20m7w75c4f6, 302315
fury1sf5skllpwmcqp4hqe256d5e3esk9gvrxkwf2u6, 6784448
fury1sfc34ujkys84eeqmegm7lle955y3edytslh870, 19045493
fury1sfqqq4dcdjw7fvdysstzmnmq4ua3xcfsd4u2tw, 24650
fury1shjnj549dl66a0xfv8kh6me064f0fp0ugu7edh, 17744507
fury1shwu9cxppulekpw2wmwj820mrqgwys9msmmjfn, 1138852
fury1sj8juva0wc44n5f0t0vurzcr5ta9l6f2d9sw04, 30493064
fury1sjpesepjw97la35yfp8vdp0lrsuq9kts6kp6re, 1913997
fury1sjy4pxrg4vu5j2cmfeu7e3txcx9lqgaqv7rad9, 12905885
fury1skkp2dtcuhlamf7jz6rg94780aq447qzc0tjy8, 655136
fury1sl426kjne2swzhhsw75eq4g0mrary9999pd6tl, 41904867
fury1sm5m0ejjd6cgl5lwxk6cdp2znhhw35ldprgh8h, 1525040
fury1smcw3tdqxvl0gc0ga3u5yvpza554ffy6alp28k, 93261110
fury1smfzt25ax563c0s2wgmcmt3g67d09t4m9flljf, 83831473
fury1smqr5tp684g07aekcn0w852wqlme5mn67rd0fe, 37888936
fury1snv7zn877y5tsrn5eaj9799fu8pelsl9gahmzp, 173625895
fury1spq8qzxns9asz64azsu2pt37pv8dqj4rzpzetl, 45961235
fury1sq2fd5dj4cy93rpcarjupstrfp6k93t43604wm, 7878317
fury1sre09mcu6k78zj000q0233d9rvw64qavlzzuxx, 43202178
fury1ssanfu7czpyw64ypruj6aqmmw666qfkukxd4q5, 32708420
fury1sst5qml7555klggaykm5edjs96k6ec63uvz7dl, 45286714
fury1st698ekn2wuhxvhpjs4aytqnr7d47wlz0td688, 23318025
fury1suvlzxf5057p5tlu9636ysy02t6v38e2nm04wj, 73266337
fury1sv0n5mmzm05gypr4796e4vvewxajkxj00aw5dn, 24468
fury1sv94kscrse7dxztfls3l6s2gl8ggafpg0fuef3, 1124303
fury1svfxve6escddnw0xzzf7yrv964hgsjrr32vly7, 63644929
fury1svha6cu4fvez45rp0m2ct3nprtj8dxqnhsd0f2, 8189105
fury1swes8ptttsgglfx2m9zv6hr3mjltpgrz5w2h0q, 27614726
fury1swxrvqjycece2zg6475rhaz3k4mr3smfwls5t7, 42918979
fury1sxug4mcc8m9rpx2l3ygy4lpruk2khr5cv7zhf6, 159466566
fury1sylvau65k7hfsaua4v8ms2dfd6850wnp39r33z, 22238399
fury1synyl86cpvgdulaema06q0fpgyyl6dhfszk8vt, 5328233203
fury1sywqmssxxgvw5544effpqw6mn9xzdn3cc6e2rn, 3772243
fury1syyxsxzdx0z6etflgd2nhvvhzkx7nxyprcwnz0, 169398
fury1sz7frgu4gx428af2ky3jkhqjn5snf4lwvftkav, 72315599
fury1t0kqkl045fa03vc0zk8awgnt9ynlfpv08md6lm, 4305561
fury1t0svhcmj98ua84vuctrh28y8uxc0tkcs7x2aef, 12988485
fury1t26rt7pe6ncygewkpe6arasy2zlqfvkgpct7d7, 19467570
fury1t2e08me8mw502cgsxfrgk8hp48saqheakpj6ha, 78746181
fury1t3yvpsxwpp4nq2hfry6w5jnfz938t3vehllp4j, 1152591474
fury1t4sydtmgz4cu370hs0qfk3ednam2r762s02056, 224246
fury1t5afept677saz8gfmu28esjn3q9fj3qyhl8k6d, 1229459766
fury1t60ptgcr6gh0ljmdj9lkecx5ace42f4d5m3shc, 49609085
fury1t6f9qreul682mg7e8lmpcygts56pjrna3r8tc2, 909717
fury1t6vq6ud5p2me4jtfedv0qgnwepkyghpvah4w0a, 2811146
fury1t7vr2a76jcv2vxgd0zj9009dh7vam8eaevyzu3, 5695570
fury1t8cgwzfcfcdlzqnxn4us6dhq90l0trad4rsaz9, 287608977
fury1tam5lpgntn3w7r4hu3ucsx0lg2nguffsvdjpfq, 31076017
fury1tcaw75s8r4ukj0g6qztscqssd5vrpka9wggmpm, 78447253
fury1tehvxrtljqal7mf9mt4c86uvunw0gl80d56lvm, 331191
fury1tew2mp3racvkcye5qj5vyyqf22sgr6ze37zz6w, 11818010
fury1tff5zpw5nnswjstemvr52krcmryvdhc0340z6x, 11066517
fury1tfscx2784rw75kvcjx5z0tns8gjcjamrg4clzq, 6281528
fury1tg95ja5ahtsf6dzpwzahxuj2gkfgllmstdaa0s, 13883989
fury1th5r9ln0w7mcfcf4dst20qq3spyqqameng4hff, 26183453
fury1thfntksw0d35n2tkr0k8v54fr8wxtxwxenjqw2, 140641468
fury1thxwe4r4036lezkpuajj9uufvm0f7rjax2ktu4, 370372104
fury1tjxkwc0at9v2n8fm5lmp5mzsr67wtlac055lly, 893115
fury1tk5cx5wz0vsrh8gh8g2p7vhar6a4f670xsj57n, 32077722
fury1tkdu89ss7nlwqryle3yfq2a046asjlsaj6wxlq, 24334462
fury1tnyzm0wjj3rksnez650gzyxjmrvjn6827ss0le, 455503
fury1tplyhewhh8qqz7xppthxyzy7q6gue854fv2vd2, 6160548
fury1tq2a37sqdr7f894ktfc8r8qfsznwtww7va8gjs, 520983
fury1tqa7kt5vkzg3x5m64ky8x2lrv2uvlqmsqvccxy, 238070702
fury1tqdvlku97p88z5ndf3jz55vnccmzgs8j8dtp37, 1147766
fury1tqxgg4l3jz23ktgu3ekcq4dk9qem4eyuk68tjs, 63093
fury1trdjj8528dn26aj34k3qf2d86ddcsqhksu683h, 529752
fury1treczrfhsjdvlfvcgldt7d94wj4vhk3rj6ak03, 749533575
fury1tt4c8r49t8unn94ag08dll92rfsmdwlgjuqrtr, 13868744
fury1tu5zhg6nevua8kultg98t8d52ftwd8zku74xuc, 135147941
fury1tugwaw9t7lghedf0ftuhsdee67yyrx0s5qssaw, 765541791
fury1tuzdqwynm2xtpm2jjpr80cjrf46hcp2npf4lj3, 106802725
fury1tvcd8welups8wwgj9jxqpt9027eyzatl92q2nj, 22036995
fury1twzy9l3zy7rj2xkdc8w30mqwku0hencxxlfrry, 211045938
fury1txg3rjvhsv2tfymvfec2lgzeajtu76m3vyh389, 3033308
fury1tzu9kq8qhmmnmwqvuv9ja6fdqafpg0ehm3zrfc, 31121119
fury1u0xv9nd8s7rfn4565djw9xq6ccjlpw6cgx5vqd, 2180483
fury1u29g8ak4gvvcf2ksk2vxp6j2wf7jgt90hs3ley, 155716
fury1u2lv0sp6fdadj7sd7pzxkpeu2a9vx4shfwc309, 11644225
fury1u2v85jkr03s06c25d77wm3evc94fsqn9fph3fy, 5711882
fury1u3thxsaujvqfn3nu0e048gvyytsj26v3evjz4j, 41052102
fury1u5usmc7dtt82xqht45mn66eu9mgvrna45ze0ma, 5820721
fury1u6v530yt3a089dkmt3zesytpwe2xne9c06r2ts, 3429682
fury1u8pad9dtjk5v36sgyj862hehqmfyuukyufet3y, 7117594
fury1u8xff6p6p4uunrpha6m7fskv6j5z49qhufxqwe, 24438605
fury1u93z584nyvufs647ut6re6dy4z9q3kr9c0wsyv, 1125597
fury1uauslxuc2haaxvjcdtr5klcx05t0dpc9r4hk8j, 33159387
fury1uc0qv43jtu6sdq67kgjqvwaxhecgsagv2yh25q, 510484317
fury1uc9h82zjryggp3lpk7lf0jtl3sh733pkt8dxrs, 2376696
fury1ucd27qhgn9y2qu2jcngqg27sxrnktaprgy4guz, 612946
fury1uclyzx8r7jrra6x8uq820t0dnzqrg9aex3dh23, 10475912
fury1udp73k9qtg4q8qwqucgperdzw4n2kt4c7ujn6q, 6423169
fury1udukg2mkycxnejxkv2974c0vrn8s6h9smfq7vf, 5524794
fury1ugde2zyg7eusa8xzz94l43r8afhykhlzr9n2yg, 9090093
fury1ugs6t3rsj9rq6c7clqwraunrur7nvqn33ycvya, 51111977
fury1uh2adugxhwqra7h936370sknl6t2cgpmgaugpf, 45374
fury1uh32vclrctzwdcp9wnnwg6ngmcgpxkzlt4fuyv, 118817
fury1um0j8mskacs58whj3zd3fx6nrytsw8w2vpeeh7, 65025223
fury1umls7v903agkj3e9tum93llecfqj9rz0hgygqv, 35946636
fury1upe06zml286pga72n4tmreegtxfqpva3fkm26x, 12648671
fury1uqut2gvljc9uh2lsn0fgd4zxm8dme4z898rwzx, 3545099
fury1ur3nlec4l0a8rs32vmzpgd0yumk7wgtcv50vsw, 38056845
fury1urcmv4ge6n64f9xydw2crjjyml8ezzu6apkga4, 85642937
fury1usme6asdhk6tn58a68w4zxudnl22ywa2qxczh3, 179024989
fury1usrqqtsu75j8d5gf932gc8vuh7yly62ncllmsl, 272360417
fury1utj9vnja2nma8mkgjmtwee0vgm6g9eje7f6fsv, 998392
fury1utsp56kls0n0f3hl99ed3dhpdmxxs65xct0jd7, 28598935
fury1uunpjasy0es2ywe987qwmyscajtnj77vghljc5, 902895073
fury1uvqppfc9vpncscayhr5hd4nxs8w2fjl682g38p, 7787028
fury1uvyv65xwns2t43n623xlz0nqaswmrft8w59kr6, 744262
fury1uwd2t9uz3zxekk52m57gml4mt2dj5gkx094mn5, 4093215196
fury1uwhx62gfhwjcxfpyvg83m680e8lq82et8x5eda, 17034923
fury1uwnle0mx99re38d2xpgu2ds38ey8dzrruydyce, 16977807
fury1uwu97fck9sajv3wlnu5ae9qw6ppland08xnvgq, 6430963
fury1uyeyzsjcwtdnph23zkwm4x0788akpqna0464ha, 14951828
fury1uyza5f6l78w2uy68qs25nn9mgyc4zm3affwx4q, 8014774
fury1uz8fkg3kdw8792j4p2zvksplurmneu8ftk9pzt, 4906997
fury1uzxhqzstjx8299ay0qjk6v8q4tcjnelc4emtgt, 161588
fury1uzzq70mql64xrgxlxzszdz999j0t2ahnwy66rt, 9292956
fury1v0vw5hzhxl6xn0dddzwhefhu2t88zgkaq28c2n, 780457261
fury1v2ht78dcyakze74ysfsnkk3afsx0ysu9m95e0p, 140327
fury1v2w2suz3c6drek73lwf2nlwax632ltegwdxl6g, 116754988
fury1v5yykny2ysl8vjt9hg93hds7zx2d8r9gdl4ap8, 28485753
fury1v6ymt347732d3hmyaykdpeq8e9srhg7303wrqe, 5100959
fury1v97agk4gkyytpphhymqxhh3aqvvra3vvax43yc, 29882668
fury1v9pt2af4qxzrxrfj24p9lumjrnhnr3dl8udmfu, 37399790
fury1v9r3azuweqcn3hppwaer0440uts6hpxde8sqs8, 2348600
fury1vap2yxscr9hne75dp4lhjmghsp39cscwcgj9qs, 1488525
fury1vch8jftup44u9x2wwfjxkcfpjl904kra7wzmck, 5703507
fury1vcs68xf2tnqes5tg0khr0vyevm40ff6ztlhl48, 135494206
fury1vdf2ttwry06w7zwjjjkv38k5cy4vzd3ytety6f, 37213
fury1vdpwkaqkcucl2uumqz3s4fjj0h502gn8jf0mdl, 5230892
fury1vdqlc2xqd87vg4l7jq4ca9vwe4890slqt00epu, 5210047
fury1vf342fqr0fhf3mkz9qwutp7y8tnaqah65r6fzf, 71488
fury1vf5g8s7qctpaj8gkvtmu9t8qr8hc5nx29aa64e, 4933086
fury1vg7a7f9mg6f7wglakkf32kkfvqzamh2wrqup4l, 585132
fury1vgfpvxyzm0q05xj2e2z9zt3dlqpvc0m0ncsstk, 10101465
fury1vgh5wfn9wruzcc5memd323uw3u2hanluas8h3a, 9272831
fury1vh3euf7vgepxytzzftj2vjzrj8eeyeuk4thhss, 104274267
fury1vhpq0uyu2fner7z63xf65znkyh8uv72pp4hnnw, 2604919
fury1vhpse9y73ed670vpvglz5xz3crrhgw7ws25hce, 522854
fury1vjqrylz87k8496r60h0a07j0wkacj4ayduur64, 4819868
fury1vkjj45ljj798gx4f4889fhhffwdcr4rzc7encm, 647324
fury1vknkhm88u4dl0r7jy83d672dej2a72gugmswul, 4465
fury1vlecfmqj7vv9j97464zjv7uvfqr5l2rpzxjsyx, 17793904
fury1vlpf5q9wl0d8pkt00z4emuh6g2uxarva4sry75, 6189782
fury1vmgu6vk9uyq0cwzw7xrcn88g0s9yl3zxz6qdc9, 5526702
fury1vmx85r4h6s6x33wa53kyusracrq6r3nu9fcz7u, 644496
fury1vnw52petmpx2jfrzauhkezhtvv78mh4sutsv06, 244775049
fury1vnyc6q49sr0hs9ddjepcmtlaq3l6wwj0mn59js, 43895570
fury1vpwnq5sfxwgl94tmxvshjvwmgcnl3yku9vuw45, 73583288
fury1vr3p4yyk0vkjekrvhmjvnj4g5ypl8exaczzcfx, 306759144
fury1vr44nucas86lv6rr8xw86cdet5jtfwlj2q466k, 20890503
fury1vrjl8pvxajmc5efa464g64xkgmwzfaztpq8grg, 100053909
fury1vsef5rvjka7anc4pxwyauk29kkcjarnym3xr6a, 138978294
fury1vsjx50urerdrlma3vp7zje49r0gpknf73zw3kx, 35412200
fury1vt05zxlk34zsvpntqxd2sz7acwzp7sw8544u8l, 83350
fury1vt23kgs5x663qa5hpxdn8atqemsg2caw3sms7p, 12283314
fury1vudtpjyplxrau4822u4uu9kfkavdfxg4cfjldj, 1270550353
fury1vv4ve3lxpky7d6lt6mz0lrat69hen4rg3f2z7r, 470548532
fury1vv6hruquzpty4xpks9znkw8gys5x4nsns9vxxe, 21505493
fury1vwrruj48vk8q49a7g8z08284wlvm9s6e82zpu0, 4053007
fury1vym5524ekqgzy7dcqhcksyl4v8hsul0chwscwj, 6281936
fury1vz73yxk594xlxeveu7muafzkynejjcgrfrpalc, 2032294036
fury1vz9a08qrg4lrdjtflf2r74575x4prtyzw0c3l7, 222424055
fury1vzj2ke64ms039rgtmq5alz6v4vpqjjy8qh0m8u, 92985230
fury1w0k0202et5cdvgr2pzf73pjrknn4wpldfwnmuh, 1273311
fury1w0r55f6wy978n57hf48qzte2s4srr4x5xv9dkz, 16272038
fury1w27q3jmv3lyx6t2ttedxdcfmxuk9ve4gnt7765, 9325902856
fury1w2c6pjwkyymnecuqwkr3yz9cu7lcgs5eq4zeal, 4068722
fury1w3m47vguq5jmhrga6zmsfsta59zdfez8eamdjs, 69837614
fury1w46h900497r9xveluekumjzesu7r9lzq55knja, 6115999
fury1w4nls4stavp4eysp3d755d3y3qe0p4mscrzm3y, 3828978
fury1w4pehxzc4h82sqpktm2efx83332x3pxzhymxsx, 32471
fury1w5h4fh48p3x8tkaqt0vdt49vnk082s9vf8fghx, 6475479
fury1w6769p4tskuw0hw906lwwvtvwnujd2v623y86m, 2680935
fury1w73tkehzfzqelzrmevhe9702gtk4y2k5nssf7z, 360638
fury1w84t5g9wwhk00c7ut74tl9adzztqw64mmxjrfn, 18481837
fury1w8nv8dfp67gsd443sxtsvjuh2lv2vwps5qtaf7, 1952091
fury1w8xygtjcn24l50a9l4t3j67ne3urcfawchy03m, 41477421
fury1watuvskqglh854hvp8wcj8hmp6pn937m43t66n, 8147178
fury1wawrqj7yzwazy88nffm3fgnwjg5ea6d95wskjh, 3660807
fury1wc3derq8h3mysx0cs5p6g9u9smrsdppdqafxr4, 2139571
fury1wcdzpgasy0pfwu3kxrwp8wlxcpckdd995hw3d5, 10705303
fury1wcjxysekhzs9j9adpvn22lqep44s8fyp8kwp5x, 4159709
fury1wdaf39lkprxz382hwpzhutddjtrjh6l8j5gzg0, 19682395
fury1wdcjfghyp25g8k6u8ur4vx9sv6akgms3z0nwu5, 109109218
fury1wev8ptzj27aueu04wgvvl4gvurax6rj5ey93sp, 10895820
fury1wh3nwe6gcgf3vld5vlfthjqk40wxkh00eu35at, 34766258
fury1wh44dywkzrmdxysxs83l4lzagd2rq9w6ala49e, 13444218
fury1wht8gr6j6j0d7q3ue4pm5ys86h02ldrywjvdq2, 1685423
fury1wj204t7hz2anaffvnwvkvuyexclcejdeeqgcu6, 6394180
fury1wjgzwwrdelmz6t6dglhx84e96vkwptt25hrfrk, 908967406
fury1wjjg0mvsfgnskjj7qq28uaxqwq5h38q6lff0j0, 10683243194
fury1wkmxp07jx8utjegr5l28kwxnfzjdrym23zz6pk, 55287645
fury1wlvfa8mr62gnpekweghw6f4rae80xnmd6ggz94, 12098688
fury1wlycvce47qsnu6d8pp2stz6332u7292xgtsqkr, 931127434
fury1wmym6n6xtz3tjqgjd2qcssggrs33tesrzgrl3d, 336607661
fury1wn9pu4urgt0ccm5ltqjllqe4cvud54xys3gdlj, 26523484
fury1wruge4fwy4z8xfksxc6dkl0rclq9fcrwq9rsws, 329482
fury1wvs29nfnrjrscmvmuxag532ap8t6rw42lu9hhu, 460963
fury1ww5ah760jgrk2guswq34zc7mmhv4cqfysmy3yh, 141555205
fury1ww7nd25eu7k2t8k8f0cckvtdspcvjxe70dewpf, 259856
fury1wwsdnz3efjej4u509ncw9ckaa3mx30699qvps8, 9170929
fury1wx0mksgjpthufn4twu5534xmesf7vtdfdtglz8, 10724213
fury1wy2xcxgct5j940xqmlh9vrxzgk6w24rn4mg75t, 5866896
fury1wz69rcq9qdnksdryma0caxsktt272hlgsnkkqv, 19516429
fury1x2fwcw274ugr5lcnyf4a3ayza7m3vc3cr2ks9j, 10638584
fury1x2vqk77zv25zlhdvwflu4tq3836hhk3mz5fedq, 32370239
fury1x4uprxwx85vs8aw722l3t05dcpw74jy55jg3tc, 145963
fury1x6l7dhnud9zlc0w6htn7552l6zu8plsca82wjp, 9774690
fury1x7744zhq30ar4gsttje932g57mzvmuu4s9nz34, 14571816
fury1x79zsqpfp8p9pxj87zydaep36xa8wpfst7flhc, 118678488
fury1x8gfl9vreyxp5wyt0mhz97xzp8k0p5lre9kdyu, 942499
fury1x9au3m6xwp6u3wrvl64jrxd9tdq5mwk82zxr67, 3959691545
fury1xa0m3zzvtvfjyc2we8q2fjyl4rmssc4432grvt, 1287712
fury1xa9rveg820e8vtp490z8vyr2r5d2kcsg7ypvs6, 12323132
fury1xak52rydav4k8ajtahllvn0qvg5l5u9x5vte4w, 1873101
fury1xam6uc0z9n0w2w0wnwkss6s7s39nzx84236q4y, 1704479
fury1xcymgnpuvgm7tp92qggcju50yj39rmn9m0kptw, 19864156
fury1xedphzwyty7rd4d2sx0kgzza9098zjjm4udh3h, 10909067
fury1xekdaycf5zhfhxefpxkfkwptcz0jyxhu0xrc7x, 827183166
fury1xfvfjjur73zzw56ry94f763z68ufwtqjvkc9ma, 668336
fury1xg08ellysp6qaqqdq2m9v64zudfcpnx33tjs3l, 8811492
fury1xg7f2pjcyu8sfuup05xlu7gn0xfwyww0c76390, 463726
fury1xgh5wn59jm7kumcelvwc9tf6z2dwu2mas2v4nw, 26674317
fury1xh7478l056aefvs8n75xxc4dm6axw73uh0usru, 794380632
fury1xhttwcewy0fdefgykd3hv49xjyllwu0vfvaufz, 65990608
fury1xk5frhw0zn35h7t265zmj6tpzmr9hehh5nqnge, 89584
fury1xlww9dmrj0t57d7x3y22ep5v85ykp5z5afn7u0, 2656649
fury1xn3askfax3juwyc77tctl2tv44eje3z0zsph3f, 1177503
fury1xnpytds00wsyy863lxtxfcsaet2jkzvsnm0gac, 87990852
fury1xpjg827ngjzcncygel8y553f6f5mln48a3gulq, 12862322
fury1xqa3quymmjrke94s9uyjxpylqjjyuucumm7yyn, 9977058
fury1xtf5dvpwaaruugv57vajwchc7q25ptrhccev0d, 25615067
fury1xuajvnt0r0p82zcvsec8c49yumyhcv32m4n3qu, 191918
fury1xuwl7x8htyl26t7pe3l0x6auj3j9jwd2jayj72, 27686613
fury1xvssufw8ke03halg8wgu8m994ktxz0y9lr8hdm, 273281813
fury1xwazl8ftks4gn00y5x3c47auquc62ssu4q044l, 287113080
fury1xwc55t554wjg550cft76wnpmepsp062cc4rex2, 432003
fury1xxntzlrgekrk7nt9xdh5fk52c2kds2r03pfd7g, 21686873
fury1xxrmte3afpp8xsrmeer8qd39rr28uafk6y3nfl, 1031956
fury1xyfkcatfwwggy6dvqlewtusfmzzfrgeregs70l, 5875951
fury1xyn76chhccrnay48xm79me99qse7zv20tmgzxp, 66568918
fury1xzha9hhjfwgmhmqqa8thu7c3v2dueyz64jxf7j, 57322
fury1xzp6uh4f8kyuxq703fmnzkacnkmkq4cwvp6vt7, 39771595
fury1y03trwazguex20fw3ckxg0jd8gmpjh3xz9r8pn, 1429103
fury1y0pn7wmp27apnmcgkfh2mde50alh6pc9qpclg5, 64481
fury1y0xw2wh78syt7rzr9lfx2dnnd5ya79ttupptt4, 5986280
fury1y2ptynyf78vjl7agjj7e7x9t2k3gwgv5rtt246, 167147149
fury1y407ldnzdp9t6slfww4zmqrkftzmnse67fmyld, 811712
fury1y49dps2vd6hxu0rypfjf3ckquszd773gmlu53l, 770249
fury1y4psr78r93s3x3hsv8f909xz74l9qae45rz0v0, 23174914
fury1y55t9428k08f39qkek0yhe0w4udxtueg2w4wgd, 16290744
fury1y5svvk5x8efjgh26cns6u56r7wgfukmruzexhg, 41274436
fury1y76k2egpryndqm8vrstmfjlx0ue3hc00pla4ws, 434326246
fury1y83nga220nfjt9zz0mmqc90cd705az95qv94r6, 66954311
fury1y8nyfvmqh50p6ldpzljk3yrglppdv3t88wcg2d, 1380714
fury1y8xjz4wmnyj4hjn396x64jma2fr36829q89xkt, 597851
fury1y946vr3nxmxp4ueuunt4hazmvf5srdk924hrj5, 50139504
fury1y9da46mj76n0ly4hvtglfnfwuezspksy9pgccd, 17611780
fury1y9ls725ta2pzqzdp35n6uf29kxwn65nklrht0h, 55733563
fury1y9s4e9g5slwv5k9f8guk5nntu2m8lnls8t3622, 1132271
fury1yakyz5rckhg2j3s99erxzfnhhqv6zx4w45h5dg, 70003516
fury1yawvqwytpkmn0f7527mrq7v7m7276vzdjjgh7d, 105205427
fury1yc0p4qlj0vaf7h40d499psu53qdv9uhanv73j2, 124520
fury1ycdgyfwwdgn3zneheeaqsrz89z53nf0ry3z8th, 1321146
fury1yclh0f9xvw29vwxs6eeehfgxxf5t097h2h6zhe, 3070061
fury1ycxml88pxkd9yuyycgzeq53t20xtxh70s94lnr, 331617
fury1ye6edwpvaulwmrjaq4fezk6e5hdfs8p7kac4e0, 94122254
fury1yen5f0ej9njg0d9pa8nn2hwjpqqm36zjh7pnwu, 65609
fury1yg0altfshdq75numanwh4qretcy6fku7rj6w8e, 7974942
fury1yherj5h2qzw6lxlj2qvgwz6jcchvxq9q5gmk7q, 8773941
fury1yj7wv7j80dj847s8mtwl3msjtjq0tmh9l75lu5, 3366829
fury1yk3nm9n8kd94rr5rsczuu86nuxp9qt2a29e8sd, 132886451
fury1ykqfsmrw0uk4fcnycpp60a0cdg0xlsmcl5svn4, 1450414
fury1yl6l479x8sxg4naf0uxlta6tutk3qt7g0k2wge, 97551993
fury1ylu78pn0sdd2uq0gvghzr4usr72n8msjmyaff2, 33277239
fury1ylzm9ejprayxmy0ddacdp4f6cyktnjfyhc5m7t, 7222119
fury1ymeuf4ra7fx85t272e0jt9zn034vtfqtcp3hxu, 1020815
fury1ymnl34l252nk6xtpvwxvam2n7vwu5hmtnzcrch, 80833892
fury1ynd67z6w4tg9duv7hklx26af394pxm0ncdvg2f, 327681
fury1ynecpv64gtyc8s2hh2jze09qapgx7es60lzsaa, 132750
fury1ynnm7ve6dhrnre5l7kg5mdplm9ctcu8qtjm79g, 10348070
fury1ynxj35nraq4sxmtgqsdmpgnwq7sgp8vlsg6uss, 21011759
fury1ypz3xwmtk2069kh5wjqa3hkf0zmav8kqd840jj, 12406730
fury1yq0ylwwe54hrddq6uerkw9n0cqneyjzvhlzur4, 42786312
fury1yqgr6gcvvs0473kp5jmxk22g7yhmaq0ne047rq, 1395009
fury1yqwzp2rd9c66t6qlsnt9hs5khuwvtvtnles96v, 1308965999
fury1ys8d9wllcfwmyp9nnngesky5cfex8jutz0hehw, 8030582
fury1ys9jraduk0khp38ne5csp2j5mjaap2mz4ngzup, 630927
fury1ysvem8jvy6um4zqhlw3eqs30npz3qft3l8jdzm, 72399033
fury1ysxxxwee4g8lahfla6ngn4amc9yqffpskx6syp, 38287481
fury1yt9dys5zajuh3p9986y7gy3vdkwpxrlhzedgdq, 4032746
fury1ytaj26vnnv309gcl5kh9qr2klr49lkmpqmllc5, 14204038
fury1ytw3dt9xj7tmsl8djgj78nexsmyd5afx8q5lwf, 4039520
fury1yu3u7xguyn79xp4h08wc9za6k5zes3dzgt9xlr, 8871342
fury1yuz4fct5cc3td6fp7he055mut0d4ukcs50j7n4, 2823525667
fury1yvwjyl887wu9k34ggk6tjmw7sv42sx2z2w9gqn, 14490881
fury1yvzwxtk970glhaxlk23cszj3n7gup44xaux3ta, 28569915
fury1ywkgk4txq9selrldfljdwkjkgrl5l3epgrm8gd, 143518179
fury1yxjtqpc6ejemrueuxu8f8dsufyx2kfx0j7wcdn, 6000825
fury1z0av7m0mfzajazxrzv92qyfk90v9q38t2hcsxn, 72068130
fury1z0fez8jrgcgmf052mxehzl8mar5lgxgljs2903, 1802426
fury1z0xm3cvz5p29kn25jtkw232g788flzslf4wg63, 15961441
fury1z20eln3kr5pz6hafgf7k5va5sm3zzjcvkzg70e, 1405026
fury1z2p8yxg9282pvyehht725l48w8qkpc8u9ex9ag, 5843842
fury1z379gcx3x6xthe5sey6t0lktvp800pnlran5ht, 3133179
fury1z3qc9ngqrkuv4z5mda68nlzn5c4udrn3wqvgpe, 619843
fury1z3v8c5c6wet00jesrwvpud9l7c8rn6d34j85fu, 71974926
fury1z6fm587t0mt2whr7x6g3d40ehg52vyydm9fstf, 98019220
fury1z8227l5lxe70dvtpeesq6rt0c7znnuehk6mmg6, 53307791
fury1z84shuuq0pu3lx8qsqxee53vthhr7fczkmhfkr, 1737141
fury1z98eg2ztdp2glyla62629nrlvczg8s7flqj77f, 11501164
fury1z9w2st4ngj7py7pyz8y8c5lpuntgvl76hy7tjv, 5657360
fury1zcugk63afvt54js8gfx0e9ysxyfmnalm8ej5k2, 41294495
fury1zdhljfgfcc4w60uy27drft7qquekjt5xdzaw0n, 1321449
fury1zdx5xzs79tmv6vu2x3684l5q3jym8k67h3ztv4, 446596
fury1zeg9x87hzeymw9hxvw3h9e4792wfzpjm5960ju, 30431985
fury1zfkcz69m86047jdhzzs99pawuwrepn485vx48y, 399663
fury1zfqz77fxcctd7z8fa8qjqgn9ckh9tss53mplj7, 2084588
fury1zftx433eukvadvz3rucrtaskztj077rkstlqgc, 45069547
fury1zgww0aegvxvku7vnnfexajxwctzt7sz8r8l9xd, 157370
fury1zk8peh49cylev0r6x3xn5wlhavyhhd9hdetqsy, 70142394
fury1zkawy8pqg48zstrtkmg893yj3rtgc52u5zdt0l, 3406780
fury1zlk34saru8w6w667r7u0nvtkfkr2g4rwc62wsh, 180224015
fury1zlly4fmwfdznlhuw5swqdk32ujt8c6cwrkpn6p, 51925350
fury1zlpegyjjudzpe7gwl5vjpmenea58ap4vfw830v, 6610569
fury1zlr3fpzk3pgkgmtnkj9zd0w0jqx47apkextk92, 82491049
fury1zmcghpyk3p3cm34w9l6deja4a7x6eyemhpvmyh, 14460088
fury1zmpqks3xrk6tgmwd4rt76636026tkl90ju589y, 20105952
fury1zr76txfh4ey7c7ul9chl0zqln4fmx0pdadt3xl, 402949
fury1zrfjkxfvf7v7dk4fl09hzztl8mdp6r9vrcpsyy, 10642416
fury1zsnec80n690dz8qt30rseacd5p43du5jzpkam7, 169424349
fury1zu63qhtd0fj9q7msad78dvfczksz3820hddxcq, 37213135
fury1zu9acv9yjl89ugzuqu9459fm9zth8v8f6fchu5, 26718242
fury1zv35taypuhgeqxmv38hucfcshf8uyfwcu9kgdx, 26583626
fury1zve02feteu5kp8dcrxq3duhzs0vtt788qlaprp, 7395499
fury1zwc7t4460gen622nkyfwrpd40cxz0wsnq9ajfc, 156755295
fury1zwwa6dmvxzgnyscdrlvu9vptdyxhge4av7yx49, 22327
fury1zxscg98uapdsh5hmc5386vrh483m5nmnjv59zh, 8298414
fury1zxx8j75ngm8m38v9l5wreaavwnsuun7gpygrnd, 10673498
fury1zyaz2x40l7txectf5ehd2pc7wcu6wn8dsavmf4, 78601389
fury1zyfhfmj9scarwcvnuw7sndlqmdl0mfel0sfv7g, 6026726
fury1zylt8ncjs29rkw3p3yz0gvzskpfpuqm5z7w7m2, 3587265
fury1zzd6lqxjdnp4q6nckvnsesk3r96zwvtsyexjh0, 9275497
fury1zzk09qrszn6nx5s6ctnvauva2snnksre8wu2d3, 9334733
fury1zzu0te4fj3v575teu9zgd5tzf4vy8x9698hmr2, 7700957